pp,Age,Valence,vidrep,mean_accuracy,mean_z_score,mean_rt
EPI_Y_123,Age: young,Neutral,Video repetition: 1,0.8571428571428571,-0.04768596740160445,1.41285
EPI_Y_123,Age: young,Neutral,Video repetition: 2,0.75,-0.8413405524117759,1.0988666666666669
EPI_Y_123,Age: young,Neutral,Video repetition: 3,0.3333333333333333,-1.1977878927043104,0.95785
EPI_Y_123,Age: young,Negative,Video repetition: 1,0.5,0.8653180225310055,1.77405
EPI_Y_123,Age: young,Negative,Video repetition: 2,0.8571428571428571,-0.0524885908259454,1.41095
EPI_Y_123,Age: young,Negative,Video repetition: 3,0.9230769230769232,0.22185074022061943,1.5194833333333333
EPI_Y_123,Age: young,Positive,Video repetition: 1,0.6666666666666666,-0.16964732541447375,1.3646
EPI_Y_123,Age: young,Positive,Video repetition: 2,0.6153846153846154,-0.02721162543467711,1.42095
EPI_Y_123,Age: young,Positive,Video repetition: 3,0.6,0.7700659912815759,1.7363666666666666
EPI_Y_M001,Age: young,Neutral,Video repetition: 1,0.8888888888888888,-0.5658143221205907,1.878525
EPI_Y_M001,Age: young,Neutral,Video repetition: 2,0.8571428571428571,-0.0363486979869209,2.083216666666667
EPI_Y_M001,Age: young,Neutral,Video repetition: 3,0.75,-0.16525007128494437,2.033383333333333
EPI_Y_M001,Age: young,Negative,Video repetition: 1,0.5,0.675247237776233,2.35832
EPI_Y_M001,Age: young,Negative,Video repetition: 2,1,0.4109433784399386,2.2561400000000003
EPI_Y_M001,Age: young,Negative,Video repetition: 3,0.5555555555555556,0.4392930584000655,2.2671
EPI_Y_M001,Age: young,Positive,Video repetition: 1,0.6,-0.8467029166768684,1.7699333333333334
EPI_Y_M001,Age: young,Positive,Video repetition: 2,0.9166666666666666,-0.02625684525835869,2.087118181818182
EPI_Y_M001,Age: young,Positive,Video repetition: 3,0.8571428571428571,0.15627047789788423,2.1576833333333334
EPI_Y_M003,Age: young,Neutral,Video repetition: 1,0.7142857142857143,-0.5227065957152268,2.86096
EPI_Y_M003,Age: young,Neutral,Video repetition: 2,0.7777777777777778,-0.10383940341500324,3.210042857142857
EPI_Y_M003,Age: young,Neutral,Video repetition: 3,0.875,0.46584246781105143,3.684814285714286
EPI_Y_M003,Age: young,Negative,Video repetition: 1,0.7272727272727273,-1.0149807100031274,2.4507
EPI_Y_M003,Age: young,Negative,Video repetition: 2,0.6666666666666666,-0.1448076790432837,3.1759
EPI_Y_M003,Age: young,Negative,Video repetition: 3,0.7142857142857143,0.9462443529357109,4.08518
EPI_Y_M003,Age: young,Positive,Video repetition: 1,0.6666666666666666,-0.5074497698897243,2.873675
EPI_Y_M003,Age: young,Positive,Video repetition: 2,0.4444444444444444,-0.6482589331317784,2.756325
EPI_Y_M003,Age: young,Positive,Video repetition: 3,0.875,0.9679266842504438,4.10325
EPI_Y_M004,Age: young,Neutral,Video repetition: 1,0.5,-0.7408842135428592,2.0341666666666667
EPI_Y_M004,Age: young,Neutral,Video repetition: 2,0.8333333333333334,-0.5869772138839787,2.1414
EPI_Y_M004,Age: young,Neutral,Video repetition: 3,0.6666666666666666,-0.12064546355759356,2.4663125
EPI_Y_M004,Age: young,Negative,Video repetition: 1,0.6666666666666666,-0.4963768468948568,2.204525
EPI_Y_M004,Age: young,Negative,Video repetition: 2,0.8571428571428571,0.3546925014675123,2.7975
EPI_Y_M004,Age: young,Negative,Video repetition: 3,0.6,1.4802181694733638,3.5817
EPI_Y_M004,Age: young,Positive,Video repetition: 1,0.8333333333333334,-0.1863693020581776,2.42052
EPI_Y_M004,Age: young,Positive,Video repetition: 2,0.7272727272727273,0.5540133088435805,2.936375
EPI_Y_M004,Age: young,Positive,Video repetition: 3,0.8571428571428571,0.00410795266419332,2.5532333333333335
EPI_Y_M007,Age: young,Neutral,Video repetition: 1,0.5,-0.0378776473622569,2.814625
EPI_Y_M007,Age: young,Neutral,Video repetition: 2,0.42857142857142855,-0.284255594846471,2.6003333333333334
EPI_Y_M007,Age: young,Neutral,Video repetition: 3,0.7777777777777778,-0.7117313596667805,2.2285285714285714
EPI_Y_M007,Age: young,Negative,Video repetition: 1,0.5,-0.30183882678203494,2.58504
EPI_Y_M007,Age: young,Negative,Video repetition: 2,0.7,0.38724801087306654,3.1843857142857144
EPI_Y_M007,Age: young,Negative,Video repetition: 3,0.6666666666666666,-0.7160757034645355,2.22475
EPI_Y_M007,Age: young,Positive,Video repetition: 1,0.8333333333333334,0.15842181457225896,2.98536
EPI_Y_M007,Age: young,Positive,Video repetition: 2,0.42857142857142855,0.22277613686127185,3.0413333333333332
EPI_Y_M007,Age: young,Positive,Video repetition: 3,0.5454545454545454,0.3536731043327606,3.1551833333333335
EPI_Y_M010,Age: young,Neutral,Video repetition: 1,0.8333333333333334,-0.4257868223400773,1.5819
EPI_Y_M010,Age: young,Neutral,Video repetition: 2,1,-0.233295340819455,1.6766333333333334
EPI_Y_M010,Age: young,Neutral,Video repetition: 3,0.5555555555555556,0.07349896414036557,1.82762
EPI_Y_M010,Age: young,Negative,Video repetition: 1,0.4666666666666667,-5.910012914082748e-4,1.791157142857143
EPI_Y_M010,Age: young,Negative,Video repetition: 2,0.25,1.259292547382498,2.4112
EPI_Y_M010,Age: young,Negative,Video repetition: 3,1,-0.24579848208923225,1.67048
EPI_Y_M010,Age: young,Positive,Video repetition: 1,1,-0.18635776281319505,1.699733333333333
EPI_Y_M010,Age: young,Positive,Video repetition: 2,0.8181818181818182,-0.05775918449493741,1.7630222222222225
EPI_Y_M010,Age: young,Positive,Video repetition: 3,0.5555555555555556,0.25113026584197823,1.91504
EPI_Y_M011,Age: young,Neutral,Video repetition: 1,0.7857142857142857,-0.10164471396863645,3.564
EPI_Y_M011,Age: young,Neutral,Video repetition: 2,0,NA,NA
EPI_Y_M011,Age: young,Neutral,Video repetition: 3,0.375,-0.7587677492093374,3.0513333333333335
EPI_Y_M011,Age: young,Negative,Video repetition: 1,0.3333333333333333,1.1673119925755,4.554
EPI_Y_M011,Age: young,Negative,Video repetition: 2,0.8181818181818182,0.22990761070417504,3.822666666666666
EPI_Y_M011,Age: young,Negative,Video repetition: 3,0.7142857142857143,0.1070281666630662,3.7268
EPI_Y_M011,Age: young,Positive,Video repetition: 1,0.25,0.3239044037815184,3.896
EPI_Y_M011,Age: young,Positive,Video repetition: 2,0.9090909090909092,-0.6410154029724471,3.1432
EPI_Y_M011,Age: young,Positive,Video repetition: 3,0.8888888888888888,0.2107878084759428,3.80775
EPI_Y_M012,Age: young,Neutral,Video repetition: 1,0.875,-0.2580286579982207,2.810857142857143
EPI_Y_M012,Age: young,Neutral,Video repetition: 2,0.625,-0.1027847814806274,2.9408
EPI_Y_M012,Age: young,Neutral,Video repetition: 3,0.75,-0.8506326743224337,2.3148333333333335
EPI_Y_M012,Age: young,Negative,Video repetition: 1,0,NA,NA
EPI_Y_M012,Age: young,Negative,Video repetition: 2,1,0.1138457939007143,3.122125
EPI_Y_M012,Age: young,Negative,Video repetition: 3,0.7,0.5105104536538497,3.454142857142857
EPI_Y_M012,Age: young,Positive,Video repetition: 1,0.5454545454545454,0.437263425283723,3.392833333333334
EPI_Y_M012,Age: young,Positive,Video repetition: 2,0.75,-0.02946948403551497,3.0021666666666667
EPI_Y_M012,Age: young,Positive,Video repetition: 3,0.4,-1.0505472822390354,2.1475
EPI_Y_R003,Age: young,Neutral,Video repetition: 1,0.7,0.4816820910357677,2.021714285714286
EPI_Y_R003,Age: young,Neutral,Video repetition: 2,1,-0.3865232240257286,1.5493333333333332
EPI_Y_R003,Age: young,Neutral,Video repetition: 3,1,-0.7058337352626604,1.3756
EPI_Y_R003,Age: young,Negative,Video repetition: 1,0.6,1.214317846315988,2.4203333333333332
EPI_Y_R003,Age: young,Negative,Video repetition: 2,1,0.25460964245441164,1.8981666666666663
EPI_Y_R003,Age: young,Negative,Video repetition: 3,0.7692307692307693,0.05139533589783031,1.7876
EPI_Y_R003,Age: young,Positive,Video repetition: 1,0.5555555555555556,0.5821908595656693,2.0764
EPI_Y_R003,Age: young,Positive,Video repetition: 2,0.6666666666666666,-0.18128718936653423,1.661
EPI_Y_R003,Age: young,Positive,Video repetition: 3,0.6666666666666666,-0.9679232147468496,1.233
EPI_Y_R004,Age: young,Neutral,Video repetition: 1,0.6666666666666666,0.07070330228149004,2.6638333333333333
EPI_Y_R004,Age: young,Neutral,Video repetition: 2,0.75,-0.14981108934213802,2.5183333333333335
EPI_Y_R004,Age: young,Neutral,Video repetition: 3,0.7142857142857143,-0.665304526255655,2.1782
EPI_Y_R004,Age: young,Negative,Video repetition: 1,0.4545454545454546,0.1991725114221284,2.7486
EPI_Y_R004,Age: young,Negative,Video repetition: 2,0.8181818181818182,-0.05142580235771282,2.58325
EPI_Y_R004,Age: young,Negative,Video repetition: 3,0.5,1.4834604527407709,3.596
EPI_Y_R004,Age: young,Positive,Video repetition: 1,0.75,0.37255289906297423,2.863
EPI_Y_R004,Age: young,Positive,Video repetition: 2,0.2,-0.13970733714861566,2.525
EPI_Y_R004,Age: young,Positive,Video repetition: 3,0.6,0.08392237806801522,2.6725555555555554
EPI_Y_R005,Age: young,Neutral,Video repetition: 1,0.8333333333333334,0.08063438711328441,3.0543
EPI_Y_R005,Age: young,Neutral,Video repetition: 2,0.8888888888888888,-0.22229718844749957,2.8590875
EPI_Y_R005,Age: young,Neutral,Video repetition: 3,0.5555555555555556,-0.12097601333165152,2.92438
EPI_Y_R005,Age: young,Negative,Video repetition: 1,0.5714285714285714,-0.03648803417351945,2.978825
EPI_Y_R005,Age: young,Negative,Video repetition: 2,0.5,-0.4677344187459308,2.700925
EPI_Y_R005,Age: young,Negative,Video repetition: 3,0.6666666666666666,0.5734873980531832,3.3719
EPI_Y_R005,Age: young,Positive,Video repetition: 1,0.5454545454545454,-0.2669697515848811,2.8303
EPI_Y_R005,Age: young,Positive,Video repetition: 2,0.6666666666666666,0.3388546044319214,3.2207
EPI_Y_R005,Age: young,Positive,Video repetition: 3,0.6666666666666666,-0.6122073888923557,2.607825
EPI_Y_R006,Age: young,Neutral,Video repetition: 1,0.8571428571428571,0.07933320717134347,2.3519666666666668
EPI_Y_R006,Age: young,Neutral,Video repetition: 2,0.8571428571428571,-0.33023313945773897,1.99745
EPI_Y_R006,Age: young,Neutral,Video repetition: 3,0.6666666666666666,-0.8263877922685234,1.5679833333333333
EPI_Y_R006,Age: young,Negative,Video repetition: 1,0.8571428571428571,0.2951396860871798,2.5387666666666666
EPI_Y_R006,Age: young,Negative,Video repetition: 2,0.7777777777777778,0.3875841663487713,2.618785714285714
EPI_Y_R006,Age: young,Negative,Video repetition: 3,0.875,-0.12988266906933305,2.170871428571429
EPI_Y_R006,Age: young,Positive,Video repetition: 1,0.6,-0.11581299766555891,2.18305
EPI_Y_R006,Age: young,Positive,Video repetition: 2,1,-0.309707648154716,2.015216666666667
EPI_Y_R006,Age: young,Positive,Video repetition: 3,1,-0.00478224767272548,2.279157142857143
EPI_Y_S001,Age: young,Neutral,Video repetition: 1,0.625,-0.4741762503050051,1.7865
EPI_Y_S001,Age: young,Neutral,Video repetition: 2,0.7272727272727273,-0.14635752944655997,1.9486625
EPI_Y_S001,Age: young,Neutral,Video repetition: 3,0.8,0.36294535492112423,2.2006
EPI_Y_S001,Age: young,Negative,Video repetition: 1,0.5,-0.5113726703392015,1.7681
EPI_Y_S001,Age: young,Negative,Video repetition: 2,0.42857142857142855,1.162196691924032,2.5959666666666665
EPI_Y_S001,Age: young,Negative,Video repetition: 3,0.2727272727272727,-0.28246644052730757,1.8813333333333333
EPI_Y_S001,Age: young,Positive,Video repetition: 1,0.9,0.3438080663528058,2.191133333333333
EPI_Y_S001,Age: young,Positive,Video repetition: 2,0.6666666666666666,-0.06946302797641041,1.9867
EPI_Y_S001,Age: young,Positive,Video repetition: 3,0.625,-0.36630663220583526,1.83986
EPI_Y_S002,Age: young,Neutral,Video repetition: 1,0.5,-0.12982070630416165,2.21805
EPI_Y_S002,Age: young,Neutral,Video repetition: 2,0.8333333333333334,-0.44389254104170656,2.02663
EPI_Y_S002,Age: young,Neutral,Video repetition: 3,0.625,-0.03303302721541591,2.27704
EPI_Y_S002,Age: young,Negative,Video repetition: 1,0.42857142857142855,0.7024483254894279,2.725299999666667
EPI_Y_S002,Age: young,Negative,Video repetition: 2,0.4,1.0953252502234978,2.96475
EPI_Y_S002,Age: young,Negative,Video repetition: 3,0.5833333333333334,0.04525874250932032,2.3247571427142857
EPI_Y_S002,Age: young,Positive,Video repetition: 1,0.8461538461538461,0.18940158299755655,2.4126090908181816
EPI_Y_S002,Age: young,Positive,Video repetition: 2,0.7142857142857143,0.01881458557593694,2.3086400002
EPI_Y_S002,Age: young,Positive,Video repetition: 3,0.75,-0.6428550187436177,1.905366667
EPI_Y_S003,Age: young,Neutral,Video repetition: 1,1,-0.38894049199829345,2.3162714285714285
EPI_Y_S003,Age: young,Neutral,Video repetition: 2,0.7777777777777778,-0.15630817943441425,2.447171428571429
EPI_Y_S003,Age: young,Neutral,Video repetition: 3,0.875,0.1571348556974912,2.623542857142857
EPI_Y_S003,Age: young,Negative,Video repetition: 1,0.42857142857142855,0.8791252196276003,3.0298
EPI_Y_S003,Age: young,Negative,Video repetition: 2,0.8888888888888888,0.03954294107152288,2.557375
EPI_Y_S003,Age: young,Negative,Video repetition: 3,0.875,-0.14711764171225747,2.452342857142857
EPI_Y_S003,Age: young,Positive,Video repetition: 1,0.6,-0.11070246324223776,2.4728333333333334
EPI_Y_S003,Age: young,Positive,Video repetition: 2,0.8333333333333334,0.7512396488705587,2.95784
EPI_Y_S003,Age: young,Positive,Video repetition: 3,0.875,-0.3284403500317186,2.3503142857142856
EPI_Y_17431,Age: young,Neutral,Video repetition: 1,0.5,0.06313309296068188,3.291475
EPI_Y_17431,Age: young,Neutral,Video repetition: 2,0.5,0.6522819914915761,3.905375
EPI_Y_17431,Age: young,Neutral,Video repetition: 3,1,-0.12952310736522937,3.090725
EPI_Y_17431,Age: young,Negative,Video repetition: 1,0.6666666666666666,0.07609679992325163,3.3049833333333334
EPI_Y_17431,Age: young,Negative,Video repetition: 2,0.7,0.30167923931334356,3.5400428571428573
EPI_Y_17431,Age: young,Negative,Video repetition: 3,0.6,0.5380398237184072,3.7863333333333338
EPI_Y_17431,Age: young,Positive,Video repetition: 1,0.8571428571428571,-0.19976384657081175,3.017533333333333
EPI_Y_17431,Age: young,Positive,Video repetition: 2,0.6666666666666666,-0.15687404987725184,3.062225
EPI_Y_17431,Age: young,Positive,Video repetition: 3,0.5454545454545454,-0.696975190973575,2.499433333333333
EPI_Y_17764,Age: young,Neutral,Video repetition: 1,0.375,-0.6896051508266925,2.1284
EPI_Y_17764,Age: young,Neutral,Video repetition: 2,0.5,-0.4208365712862227,2.3552999999999997
EPI_Y_17764,Age: young,Neutral,Video repetition: 3,0.6,-0.575890811311994,2.2244
EPI_Y_17764,Age: young,Negative,Video repetition: 1,0.16666666666666666,1.1018695062777888,3.6408
EPI_Y_17764,Age: young,Negative,Video repetition: 2,0.6666666666666666,-0.4240940133035708,2.35255
EPI_Y_17764,Age: young,Negative,Video repetition: 3,0.6666666666666666,0.4090412022970885,3.0559
EPI_Y_17764,Age: young,Positive,Video repetition: 1,0.4444444444444444,0.16884927318153625,2.853125
EPI_Y_17764,Age: young,Positive,Video repetition: 2,0.625,-0.23060195747309123,2.5159
EPI_Y_17764,Age: young,Positive,Video repetition: 3,0.5714285714285714,0.19280627856366928,2.87335
EPI_Y_17789,Age: young,Neutral,Video repetition: 1,0.7,-0.12408569148347393,2.1147142857142858
EPI_Y_17789,Age: young,Neutral,Video repetition: 2,0.6666666666666666,0.21185691294039877,2.29075
EPI_Y_17789,Age: young,Neutral,Video repetition: 3,0.625,0.30851623564154224,2.3414
EPI_Y_17789,Age: young,Negative,Video repetition: 1,0.7142857142857143,0.00241247727503846,2.181
EPI_Y_17789,Age: young,Negative,Video repetition: 2,0.8,0.5510710217287158,2.4685
EPI_Y_17789,Age: young,Negative,Video repetition: 3,0.5,-0.6260798611832029,1.8516666666666663
EPI_Y_17789,Age: young,Positive,Video repetition: 1,0.7142857142857143,-0.3143781953486498,2.015
EPI_Y_17789,Age: young,Positive,Video repetition: 2,0.7142857142857143,-0.79528933692196,1.763
EPI_Y_17789,Age: young,Positive,Video repetition: 3,1,-0.12277708973769612,2.1154
EPI_Y_17795,Age: young,Neutral,Video repetition: 1,0.875,-0.4524618584113759,1.9799
EPI_Y_17795,Age: young,Neutral,Video repetition: 2,0.7272727272727273,-0.30719550885784713,2.09615
EPI_Y_17795,Age: young,Neutral,Video repetition: 3,0.8,-0.00129269276577121,2.34095
EPI_Y_17795,Age: young,Negative,Video repetition: 1,0.75,0.5375361238147157,2.77215
EPI_Y_17795,Age: young,Negative,Video repetition: 2,0.6666666666666666,0.03313387007465662,2.3685
EPI_Y_17795,Age: young,Negative,Video repetition: 3,0.7777777777777778,0.5037343624777441,2.7451
EPI_Y_17795,Age: young,Positive,Video repetition: 1,0.8571428571428571,0.3596967892143455,2.6298333333333335
EPI_Y_17795,Age: young,Positive,Video repetition: 2,1,-0.636385569557306,1.8327142857142855
EPI_Y_17795,Age: young,Positive,Video repetition: 3,0.8,-0.24374691618188657,2.146925
EPI_Y_17813,Age: young,Neutral,Video repetition: 1,0.5555555555555556,-0.07873155898178577,1.7728
EPI_Y_17813,Age: young,Neutral,Video repetition: 2,0.7777777777777778,-0.4521637140520144,1.5807142857142855
EPI_Y_17813,Age: young,Neutral,Video repetition: 3,0.6666666666666666,-0.5488128215668437,1.531
EPI_Y_17813,Age: young,Negative,Video repetition: 1,0.6,1.7179975679045285,2.697
EPI_Y_17813,Age: young,Negative,Video repetition: 2,0.625,0.563207369494584,2.103
EPI_Y_17813,Age: young,Negative,Video repetition: 3,0.6,-0.48238970409376913,1.5651666666666666
EPI_Y_17813,Age: young,Positive,Video repetition: 1,0.6666666666666666,-0.3501914995619909,1.6331666666666669
EPI_Y_17813,Age: young,Positive,Video repetition: 2,0.5714285714285714,-0.29122073185418795,1.6635
EPI_Y_17813,Age: young,Positive,Video repetition: 3,0.75,0.1863776835375791,1.909166666666667
EPI_Y_17822,Age: young,Neutral,Video repetition: 1,0.4444444444444444,-0.5142734291448319,2.23205000025
EPI_Y_17822,Age: young,Neutral,Video repetition: 2,0.4444444444444444,-0.5857918796034293,2.20427499975
EPI_Y_17822,Age: young,Neutral,Video repetition: 3,0.5,0.02032322352990169,2.439666667
EPI_Y_17822,Age: young,Negative,Video repetition: 1,0.5,-0.6468175236443134,2.1805749995
EPI_Y_17822,Age: young,Negative,Video repetition: 2,0.8571428571428571,1.047201980749357,2.8384666663333333
EPI_Y_17822,Age: young,Negative,Video repetition: 3,0.5555555555555556,0.4756037033149141,2.6164799994
EPI_Y_17822,Age: young,Positive,Video repetition: 1,0.7142857142857143,0.5596491448283193,2.6491199988
EPI_Y_17822,Age: young,Positive,Video repetition: 2,0.875,0.04946888395063872,2.4509857144285716
EPI_Y_17822,Age: young,Positive,Video repetition: 3,0.8888888888888888,-0.6098995817357762,2.1949125005
EPI_Y_17865,Age: young,Neutral,Video repetition: 1,0.6666666666666666,0.11951374896184556,2.4817
EPI_Y_17865,Age: young,Neutral,Video repetition: 2,0.8,0.13355384794289565,2.4889625
EPI_Y_17865,Age: young,Neutral,Video repetition: 3,1,-0.8717269052613814,1.9689625
EPI_Y_17865,Age: young,Negative,Video repetition: 1,0.75,0.3612751779642845,2.6067555555555555
EPI_Y_17865,Age: young,Negative,Video repetition: 2,0.625,-0.02524667949957046,2.4068199999999997
EPI_Y_17865,Age: young,Negative,Video repetition: 3,0.75,1.3004608696811777,3.092566666666667
EPI_Y_17865,Age: young,Positive,Video repetition: 1,1,-0.46361352897055846,2.180066666666667
EPI_Y_17865,Age: young,Positive,Video repetition: 2,0.8333333333333334,0.25464668097911286,2.5516
EPI_Y_17865,Age: young,Positive,Video repetition: 3,0.8333333333333334,-0.00908485815959383,2.41518
EPI_Y_17894,Age: young,Neutral,Video repetition: 1,0.625,-0.36860613327170866,1.9738
EPI_Y_17894,Age: young,Neutral,Video repetition: 2,0.875,-0.27956827505510606,2.041
EPI_Y_17894,Age: young,Neutral,Video repetition: 3,0.75,-0.9709808099662736,1.5191666666666668
EPI_Y_17894,Age: young,Negative,Video repetition: 1,0.5,1.3849229360253552,3.29725
EPI_Y_17894,Age: young,Negative,Video repetition: 2,0.6,0.4582181443438752,2.5978333333333334
EPI_Y_17894,Age: young,Negative,Video repetition: 3,0.8,-0.6846772802593658,1.73525
EPI_Y_17894,Age: young,Positive,Video repetition: 1,0.8571428571428571,0.4973047041264611,2.6273333333333335
EPI_Y_17894,Age: young,Positive,Video repetition: 2,0.3333333333333333,-0.6061729186621378,1.7945000000000002
EPI_Y_17894,Age: young,Positive,Video repetition: 3,0.7272727272727273,-0.02633374154843683,2.232125
EPI_Y_17897,Age: young,Neutral,Video repetition: 1,0.8888888888888888,-0.45420500157890353,2.2919
EPI_Y_17897,Age: young,Neutral,Video repetition: 2,0.75,-0.06899823560141316,2.4606
EPI_Y_17897,Age: young,Neutral,Video repetition: 3,0.9,0.17342096013822447,2.566766666666666
EPI_Y_17897,Age: young,Negative,Video repetition: 1,0.7777777777777778,0.1571871920629034,2.559657142857142
EPI_Y_17897,Age: young,Negative,Video repetition: 2,0.6666666666666666,-0.0299904372288653,2.4776833333333332
EPI_Y_17897,Age: young,Negative,Video repetition: 3,0.8,0.09717498546563992,2.533375
EPI_Y_17897,Age: young,Positive,Video repetition: 1,0.75,-0.07036826559303423,2.46
EPI_Y_17897,Age: young,Positive,Video repetition: 2,0.8181818181818182,0.03484496357831827,2.5060777777777776
EPI_Y_17897,Age: young,Positive,Video repetition: 3,0.6666666666666666,-0.7683224335467163,2.1543333333333337
EPI_Y_17900,Age: young,Neutral,Video repetition: 1,0.625,0.11060973936044977,2.8912
EPI_Y_17900,Age: young,Neutral,Video repetition: 2,0.5,-0.5586714963994851,2.37925
EPI_Y_17900,Age: young,Neutral,Video repetition: 3,0.875,-0.10909431816413756,2.7231428571428573
EPI_Y_17900,Age: young,Negative,Video repetition: 1,0.5714285714285714,0.3706678892257592,3.090125
EPI_Y_17900,Age: young,Negative,Video repetition: 2,0.75,-0.21517380190603275,2.642
EPI_Y_17900,Age: young,Negative,Video repetition: 3,0.8333333333333334,-0.23765966430484323,2.6248
EPI_Y_17900,Age: young,Positive,Video repetition: 1,1,0.6894899643716799,3.3339999999999996
EPI_Y_17900,Age: young,Positive,Video repetition: 2,0.6363636363636364,-5.86958914064981e-4,2.806142857142857
EPI_Y_17900,Age: young,Positive,Video repetition: 3,0.7,-0.3920351946940169,2.5067142857142857
EPI_Y_17901,Age: young,Neutral,Video repetition: 1,0.3333333333333333,-1.2451129149302766,1.6481
EPI_Y_17901,Age: young,Neutral,Video repetition: 2,0.7777777777777778,-0.27943072450698675,2.5667
EPI_Y_17901,Age: young,Neutral,Video repetition: 3,0.5454545454545454,0.1851360669705068,3.0086166666666667
EPI_Y_17901,Age: young,Negative,Video repetition: 1,0.4615384615384616,0.37329306390344297,3.1876
EPI_Y_17901,Age: young,Negative,Video repetition: 2,0.6,-0.05225467252519603,2.7828
EPI_Y_17901,Age: young,Negative,Video repetition: 3,0.5,0.866226200295214,3.6565
EPI_Y_17901,Age: young,Positive,Video repetition: 1,0.5714285714285714,-0.4539914992944756,2.4006499999999997
EPI_Y_17901,Age: young,Positive,Video repetition: 2,0.7,-0.4678605469579372,2.387457142857143
EPI_Y_17901,Age: young,Positive,Video repetition: 3,0.7142857142857143,-0.06066470684196756,2.7748
EPI_Y_17911,Age: young,Neutral,Video repetition: 1,0.6666666666666666,0.30247069861115833,2.59515
EPI_Y_17911,Age: young,Neutral,Video repetition: 2,0.75,-0.5888087140616166,1.9215833333333336
EPI_Y_17911,Age: young,Neutral,Video repetition: 3,1,-0.5749810258410537,1.9320333333333333
EPI_Y_17911,Age: young,Negative,Video repetition: 1,0.8888888888888888,0.601453105638545,2.8211
EPI_Y_17911,Age: young,Negative,Video repetition: 2,0.7142857142857143,0.07197835304753598,2.42096
EPI_Y_17911,Age: young,Negative,Video repetition: 3,0.875,-0.4424003068395206,2.0322285714285715
EPI_Y_17911,Age: young,Positive,Video repetition: 1,0.6666666666666666,0.09085413988641906,2.435225
EPI_Y_17911,Age: young,Positive,Video repetition: 2,0.875,0.3130659402347066,2.603157142857143
EPI_Y_17911,Age: young,Positive,Video repetition: 3,0.8,-0.2668132405937873,2.164925
EPI_Y_17950,Age: young,Neutral,Video repetition: 1,0.5555555555555556,0.2889167039243347,1.87318
EPI_Y_17950,Age: young,Neutral,Video repetition: 2,0.5714285714285714,0.8020292919611047,2.404725
EPI_Y_17950,Age: young,Neutral,Video repetition: 3,0.375,-0.685750573331525,0.8635
EPI_Y_17950,Age: young,Negative,Video repetition: 1,0.7777777777777778,0.4874753607666832,2.0788714285714285
EPI_Y_17950,Age: young,Negative,Video repetition: 2,0.625,0.05351304907169429,1.62932
EPI_Y_17950,Age: young,Negative,Video repetition: 3,0.2857142857142857,-1.099198393283079,0.4352
EPI_Y_17950,Age: young,Positive,Video repetition: 1,0.6666666666666666,0.22353538044705543,1.80545
EPI_Y_17950,Age: young,Positive,Video repetition: 2,0.3333333333333333,0.3961833902493795,1.9843
EPI_Y_17950,Age: young,Positive,Video repetition: 3,0.6666666666666666,-1.0266061073611623,0.5104
EPI_Y_17967,Age: young,Neutral,Video repetition: 1,0.6666666666666666,0.2809223482706651,2.042
EPI_Y_17967,Age: young,Neutral,Video repetition: 2,0.8571428571428571,0.3028575061445266,2.0553333333333335
EPI_Y_17967,Age: young,Neutral,Video repetition: 3,0.7142857142857143,-0.6462767750574695,1.4784000000000002
EPI_Y_17967,Age: young,Negative,Video repetition: 1,0.4,-0.7834811875584746,1.395
EPI_Y_17967,Age: young,Negative,Video repetition: 2,0.875,0.5770469795677982,2.222
EPI_Y_17967,Age: young,Negative,Video repetition: 3,0.7272727272727273,0.24246727462305123,2.018625
EPI_Y_17967,Age: young,Positive,Video repetition: 1,0.7777777777777778,-0.2318903068804021,1.7302857142857142
EPI_Y_17967,Age: young,Positive,Video repetition: 2,0.8888888888888888,-0.42504699842590304,1.612875
EPI_Y_17967,Age: young,Positive,Video repetition: 3,0.6666666666666666,-0.5457589141004984,1.5395
EPI_Y_17982,Age: young,Neutral,Video repetition: 1,0.8181818181818182,0.2617350662006291,2.5689888888888888
EPI_Y_17982,Age: young,Neutral,Video repetition: 2,1,-1.0989178646150186,1.86215
EPI_Y_17982,Age: young,Neutral,Video repetition: 3,0.6363636363636364,-0.7192699433932614,2.0593714285714286
EPI_Y_17982,Age: young,Negative,Video repetition: 1,0.6,0.23063589443579283,2.5528333333333335
EPI_Y_17982,Age: young,Negative,Video repetition: 2,0.75,0.8664578195068331,2.8831333333333333
EPI_Y_17982,Age: young,Negative,Video repetition: 3,0.8,-0.22880143135382092,2.3141625
EPI_Y_17982,Age: young,Positive,Video repetition: 1,1,-0.35722186785488586,2.24745
EPI_Y_17982,Age: young,Positive,Video repetition: 2,0.7857142857142857,-0.0627606997100078,2.400418181818182
EPI_Y_17982,Age: young,Positive,Video repetition: 3,0.6666666666666666,-0.7915943092484077,2.0218
EPI_Y_17996,Age: young,Neutral,Video repetition: 1,0.6,-0.9219142072468548,2.2439666666666667
EPI_Y_17996,Age: young,Neutral,Video repetition: 2,0.5555555555555556,0.5141981087139196,3.40656
EPI_Y_17996,Age: young,Neutral,Video repetition: 3,0.7,-0.182601469861527,2.8424714285714288
EPI_Y_17996,Age: young,Negative,Video repetition: 1,0.5,-0.099580989355273,2.90968
EPI_Y_17996,Age: young,Negative,Video repetition: 2,0.7,0.10869196033800854,3.0782857142857143
EPI_Y_17996,Age: young,Negative,Video repetition: 3,0.5,0.2639208122644766,3.20395
EPI_Y_17996,Age: young,Positive,Video repetition: 1,0.4444444444444444,0.3788932191892677,3.297025
EPI_Y_17996,Age: young,Positive,Video repetition: 2,0.6,0.27822931308151155,3.2155333333333336
EPI_Y_17996,Age: young,Positive,Video repetition: 3,0.4,-0.41701971222965145,2.6527
EPI_Y_18025,Age: young,Neutral,Video repetition: 1,0.6666666666666666,0.3383070194596655,3.026133333333333
EPI_Y_18025,Age: young,Neutral,Video repetition: 2,0.5714285714285714,-0.3367764848318678,2.476625
EPI_Y_18025,Age: young,Neutral,Video repetition: 3,0.625,0.16015483632201913,2.88112
EPI_Y_18025,Age: young,Negative,Video repetition: 1,0.625,0.6082953753410792,3.2459
EPI_Y_18025,Age: young,Negative,Video repetition: 2,0.5714285714285714,0.10598312441882958,2.837025
EPI_Y_18025,Age: young,Negative,Video repetition: 3,0.8888888888888888,0.04782792740743963,2.7896875
EPI_Y_18025,Age: young,Positive,Video repetition: 1,0.8571428571428571,-0.5542557296365421,2.2996
EPI_Y_18025,Age: young,Positive,Video repetition: 2,0.6,-0.2498892113461418,2.54735
EPI_Y_18025,Age: young,Positive,Video repetition: 3,0.5714285714285714,-0.1266683766961837,2.64765
EPI_Y_18070,Age: young,Neutral,Video repetition: 1,0.8571428571428571,0.0177733703509189,2.418633333333333
EPI_Y_18070,Age: young,Neutral,Video repetition: 2,0.9166666666666666,-0.20878482629812067,2.2248636363636365
EPI_Y_18070,Age: young,Neutral,Video repetition: 3,0.8,0.3469849923645374,2.7001999999999997
EPI_Y_18070,Age: young,Negative,Video repetition: 1,0.8181818181818182,0.5120779757728112,2.8414
EPI_Y_18070,Age: young,Negative,Video repetition: 2,0.75,0.4128117272504144,2.7565
EPI_Y_18070,Age: young,Negative,Video repetition: 3,0.7777777777777778,0.08716899105780965,2.4779857142857145
EPI_Y_18070,Age: young,Positive,Video repetition: 1,0.5,0.2104208247860221,2.5834
EPI_Y_18070,Age: young,Positive,Video repetition: 2,0.75,-0.4145823925007534,2.04885
EPI_Y_18070,Age: young,Positive,Video repetition: 3,1,-0.3799035122749078,2.07851
EPI_Y_18073,Age: young,Neutral,Video repetition: 1,0.6666666666666666,-0.03566925041023845,2.5794
EPI_Y_18073,Age: young,Neutral,Video repetition: 2,0.7272727272727273,0.11521702178070192,2.6647625
EPI_Y_18073,Age: young,Neutral,Video repetition: 3,0.5,0.21833405682464951,2.7231
EPI_Y_18073,Age: young,Negative,Video repetition: 1,0.4,-0.4051848480264761,2.37035
EPI_Y_18073,Age: young,Negative,Video repetition: 2,0.625,-0.587194037629652,2.26738
EPI_Y_18073,Age: young,Negative,Video repetition: 3,0.6,0.9507956930785368,3.1374833333333334
EPI_Y_18073,Age: young,Positive,Video repetition: 1,0.7,0.06821479432227262,2.638171428571429
EPI_Y_18073,Age: young,Positive,Video repetition: 2,1,0.12139918299889252,2.66826
EPI_Y_18073,Age: young,Positive,Video repetition: 3,0.2222222222222222,-0.7849524928379976,2.1555
EPI_Y_18076,Age: young,Neutral,Video repetition: 1,0.5,-0.1904345326988295,2.0456666666666665
EPI_Y_18076,Age: young,Neutral,Video repetition: 2,0.6666666666666666,-0.5730634243577776,1.8065
EPI_Y_18076,Age: young,Neutral,Video repetition: 3,0.7272727272727273,-0.5868620620883355,1.797875
EPI_Y_18076,Age: young,Negative,Video repetition: 1,0.3333333333333333,1.20409445920103,2.9173333333333336
EPI_Y_18076,Age: young,Negative,Video repetition: 2,0.75,0.01354532940506959,2.1731666666666665
EPI_Y_18076,Age: young,Negative,Video repetition: 3,0.8571428571428571,-0.5479992321515469,1.8221666666666667
EPI_Y_18076,Age: young,Positive,Video repetition: 1,0.75,0.605220249677687,2.543
EPI_Y_18076,Age: young,Positive,Video repetition: 2,0.7777777777777778,-0.30988940619235467,1.971
EPI_Y_18076,Age: young,Positive,Video repetition: 3,0.8333333333333334,0.11534861221718554,2.2368
EPI_Y_18079,Age: young,Neutral,Video repetition: 1,0.8333333333333334,0.2681325043308579,3.10456
EPI_Y_18079,Age: young,Neutral,Video repetition: 2,1,-0.17118099380824597,2.73215
EPI_Y_18079,Age: young,Neutral,Video repetition: 3,0.7142857142857143,-0.05218968702998704,2.83302
EPI_Y_18079,Age: young,Negative,Video repetition: 1,0.5833333333333334,0.3804149724018097,3.1997428571428572
EPI_Y_18079,Age: young,Negative,Video repetition: 2,1,0.05035729718964268,2.91995
EPI_Y_18079,Age: young,Negative,Video repetition: 3,1,-0.1511662635778723,2.7491166666666667
EPI_Y_18079,Age: young,Positive,Video repetition: 1,1,-0.29480832552591757,2.62735
EPI_Y_18079,Age: young,Positive,Video repetition: 2,0.5714285714285714,0.6304797309249284,3.4117249999999997
EPI_Y_18079,Age: young,Positive,Video repetition: 3,0.9090909090909092,-0.4944994964530881,2.45807
EPI_Y_18086,Age: young,Neutral,Video repetition: 1,0.7,0.41742044884496177,2.835185714285714
EPI_Y_18086,Age: young,Neutral,Video repetition: 2,0.625,-0.18817009629972128,2.40112
EPI_Y_18086,Age: young,Neutral,Video repetition: 3,0.8333333333333334,-0.23222920713536951,2.36954
EPI_Y_18086,Age: young,Negative,Video repetition: 1,0.3333333333333333,1.393702659836536,3.5349500000000003
EPI_Y_18086,Age: young,Negative,Video repetition: 2,0.6666666666666666,-0.3994599012555395,2.249675
EPI_Y_18086,Age: young,Negative,Video repetition: 3,0.75,-0.2221778639977177,2.3767444444444443
EPI_Y_18086,Age: young,Positive,Video repetition: 1,0.5,0.8044573950665543,3.1126
EPI_Y_18086,Age: young,Positive,Video repetition: 2,0.7,-0.30822150687035516,2.3150714285714287
EPI_Y_18086,Age: young,Positive,Video repetition: 3,0.6666666666666666,-0.2675476488961178,2.344225
EPI_Y_18098,Age: young,Neutral,Video repetition: 1,0.7777777777777778,-0.6450925299762651,1.268
EPI_Y_18098,Age: young,Neutral,Video repetition: 2,0.875,-0.5041479435948962,1.3292857142857142
EPI_Y_18098,Age: young,Neutral,Video repetition: 3,0.8,0.3058727503987282,1.6815
EPI_Y_18098,Age: young,Negative,Video repetition: 1,0.7142857142857143,-0.2748255163356993,1.429
EPI_Y_18098,Age: young,Negative,Video repetition: 2,0.7777777777777778,0.0244763908750862,1.5591428571428572
EPI_Y_18098,Age: young,Negative,Video repetition: 3,0.7142857142857143,0.15569612933830004,1.6162
EPI_Y_18098,Age: young,Positive,Video repetition: 1,0.625,-0.1943326872834024,1.464
EPI_Y_18098,Age: young,Positive,Video repetition: 2,1,-0.10602055483745386,1.5024
EPI_Y_18098,Age: young,Positive,Video repetition: 3,0.7272727272727273,0.0103490780210096,1.553
EPI_Y_18595,Age: young,Neutral,Video repetition: 1,0.7777777777777778,0.2905250262480256,2.2077142857142857
EPI_Y_18595,Age: young,Neutral,Video repetition: 2,0.875,-0.32881810595860483,1.7347142857142857
EPI_Y_18595,Age: young,Neutral,Video repetition: 3,0.8571428571428571,-0.48535298297508983,1.6151666666666666
EPI_Y_18595,Age: young,Negative,Video repetition: 1,0.5,0.32843508608711053,2.236666666666667
EPI_Y_18595,Age: young,Negative,Video repetition: 2,0.75,-0.4545822353918852,1.6386666666666667
EPI_Y_18595,Age: young,Negative,Video repetition: 3,0,NA,NA
EPI_Y_18595,Age: young,Positive,Video repetition: 1,0.5,0.21855514702226253,2.1527499999999997
EPI_Y_18595,Age: young,Positive,Video repetition: 2,0.6666666666666666,-0.18702949399465868,1.843
EPI_Y_18595,Age: young,Positive,Video repetition: 3,0.75,-0.01986358868448291,1.9706666666666663
EPI_Y_18603,Age: young,Neutral,Video repetition: 1,0.7142857142857143,-0.4849433189624278,2.55616
EPI_Y_18603,Age: young,Neutral,Video repetition: 2,0.875,-0.16188703972617016,2.8359714285714284
EPI_Y_18603,Age: young,Neutral,Video repetition: 3,1,-0.00440229907340397,2.972375
EPI_Y_18603,Age: young,Negative,Video repetition: 1,0.4,-0.34467704190293347,2.67765
EPI_Y_18603,Age: young,Negative,Video repetition: 2,0.6666666666666666,-0.5632141106005871,2.488366666666667
EPI_Y_18603,Age: young,Negative,Video repetition: 3,0.7,0.5500744521720623,3.4526285714285714
EPI_Y_18603,Age: young,Positive,Video repetition: 1,0.6666666666666666,-0.2594856852601853,2.7514375
EPI_Y_18603,Age: young,Positive,Video repetition: 2,0.3333333333333333,0.8909800740977576,3.7479
EPI_Y_18603,Age: young,Positive,Video repetition: 3,0.6666666666666666,0.3492074960241073,3.27865
EPI_Y_18732,Age: young,Neutral,Video repetition: 1,0.5,-0.29684100034582656,2.062666666666667
EPI_Y_18732,Age: young,Neutral,Video repetition: 2,0.7692307692307693,-0.5823670354395865,1.8583
EPI_Y_18732,Age: young,Neutral,Video repetition: 3,0.6,-0.12220021880911144,2.187666666666667
EPI_Y_18732,Age: young,Negative,Video repetition: 1,0.6666666666666666,0.7302796494654402,2.797833333333333
EPI_Y_18732,Age: young,Negative,Video repetition: 2,1,0.3644654257398678,2.536
EPI_Y_18732,Age: young,Negative,Video repetition: 3,0.8181818181818182,0.4305960683484372,2.5833333333333335
EPI_Y_18732,Age: young,Positive,Video repetition: 1,0.75,-0.23234033836493315,2.108833333333333
EPI_Y_18732,Age: young,Positive,Video repetition: 2,0.8571428571428571,-0.09705194626782455,2.2056666666666667
EPI_Y_18732,Age: young,Positive,Video repetition: 3,0.625,-0.6375535224051885,1.8188
EPI_Y_18739,Age: young,Neutral,Video repetition: 1,0.75,-0.3670923789308162,2.14665
EPI_Y_18739,Age: young,Neutral,Video repetition: 2,0.7777777777777778,-0.24089418813135147,2.2301714285714285
EPI_Y_18739,Age: young,Neutral,Video repetition: 3,0.6666666666666666,0.19736742419134287,2.520225
EPI_Y_18739,Age: young,Negative,Video repetition: 1,0.625,-0.19703295086041803,2.2592
EPI_Y_18739,Age: young,Negative,Video repetition: 2,0.8888888888888888,-0.22458922646622775,2.2409625
EPI_Y_18739,Age: young,Negative,Video repetition: 3,0.7142857142857143,0.490004116608352,2.7139
EPI_Y_18739,Age: young,Positive,Video repetition: 1,0.7142857142857143,0.02791993808779061,2.40808
EPI_Y_18739,Age: young,Positive,Video repetition: 2,0.6666666666666666,0.28594791260206776,2.57885
EPI_Y_18739,Age: young,Positive,Video repetition: 3,0.9090909090909092,-0.05980685350498867,2.35002
EPI_Y_18744,Age: young,Neutral,Video repetition: 1,1,-0.5880100607084338,1.75383
EPI_Y_18744,Age: young,Neutral,Video repetition: 2,0.5555555555555556,0.7508954141688469,2.658
EPI_Y_18744,Age: young,Neutral,Video repetition: 3,0.6,0.00392465456545797,2.153566666666667
EPI_Y_18744,Age: young,Negative,Video repetition: 1,0.5,-0.02075553969884486,2.1369
EPI_Y_18744,Age: young,Negative,Video repetition: 2,0.6666666666666666,0.24808581642220565,2.31845
EPI_Y_18744,Age: young,Negative,Video repetition: 3,0.6,0.03156647214147692,2.1722333333333332
EPI_Y_18744,Age: young,Positive,Video repetition: 1,0.6,-0.3018629523692539,1.9470666666666667
EPI_Y_18744,Age: young,Positive,Video repetition: 2,0.5,0.7135789604412214,2.6328
EPI_Y_18744,Age: young,Positive,Video repetition: 3,0.875,-0.3636057469344642,1.9053714285714285
EPI_Y_18797,Age: young,Neutral,Video repetition: 1,0.8181818181818182,0.21798262212029829,1.7476666666666667
EPI_Y_18797,Age: young,Neutral,Video repetition: 2,0.8,-0.4844827097637933,1.38525
EPI_Y_18797,Age: young,Neutral,Video repetition: 3,1,-0.01192980680676909,1.62905
EPI_Y_18797,Age: young,Negative,Video repetition: 1,1,0.4923785995414744,1.889233333333333
EPI_Y_18797,Age: young,Negative,Video repetition: 2,0.8333333333333334,-0.2699343880725997,1.49594
EPI_Y_18797,Age: young,Negative,Video repetition: 3,0.8333333333333334,0.14474144481758003,1.70988
EPI_Y_18797,Age: young,Positive,Video repetition: 1,1,-0.1689444110618848,1.5480428571428573
EPI_Y_18797,Age: young,Positive,Video repetition: 2,0.5714285714285714,0.17429053835974506,1.725125
EPI_Y_18797,Age: young,Positive,Video repetition: 3,0.9,-0.0468511691322095,1.611033333333333
EPI_Y_18823,Age: young,Neutral,Video repetition: 1,0.6666666666666666,0.08370325420870223,2.8749625
EPI_Y_18823,Age: young,Neutral,Video repetition: 2,0.25,-0.7603250787764726,2.2117
EPI_Y_18823,Age: young,Neutral,Video repetition: 3,0.75,0.0911953358663418,2.8808499999999997
EPI_Y_18823,Age: young,Negative,Video repetition: 1,0.2222222222222222,0.3566472651714172,3.0894500000000003
EPI_Y_18823,Age: young,Negative,Video repetition: 2,0.8888888888888888,0.25893206851986644,3.0126625
EPI_Y_18823,Age: young,Negative,Video repetition: 3,0.8333333333333334,0.4574960925799849,3.1687
EPI_Y_18823,Age: young,Positive,Video repetition: 1,1,0.9330444434012052,3.5424
EPI_Y_18823,Age: young,Positive,Video repetition: 2,0.8181818181818182,-0.6155099802389963,2.3255
EPI_Y_18823,Age: young,Positive,Video repetition: 3,0.8,-0.34853100244319185,2.5353
EPI_Y_18839,Age: young,Neutral,Video repetition: 1,0.875,-0.8610646240879095,1.8912857142857145
EPI_Y_18839,Age: young,Neutral,Video repetition: 2,0.6666666666666666,0.00834965732407541,2.27575
EPI_Y_18839,Age: young,Neutral,Video repetition: 3,0.9,0.11771180675451191,2.3241111111111112
EPI_Y_18839,Age: young,Negative,Video repetition: 1,0.625,-0.3741603212754084,2.1066000000000003
EPI_Y_18839,Age: young,Negative,Video repetition: 2,0.8888888888888888,-0.00861058411545266,2.26825
EPI_Y_18839,Age: young,Negative,Video repetition: 3,0.8333333333333334,0.8008452056550781,2.6262000000000003
EPI_Y_18839,Age: young,Positive,Video repetition: 1,0.625,0.12107872875880346,2.3256
EPI_Y_18839,Age: young,Positive,Video repetition: 2,0.4444444444444444,-0.44957686154317544,2.07325
EPI_Y_18839,Age: young,Positive,Video repetition: 3,0.5714285714285714,0.3735601896552404,2.4372499999999997
EPI_Y_18849,Age: young,Neutral,Video repetition: 1,0.3333333333333333,0.4570237337541273,2.602
EPI_Y_18849,Age: young,Neutral,Video repetition: 2,0.875,0.3737981887140728,2.5572857142857144
EPI_Y_18849,Age: young,Neutral,Video repetition: 3,0.6,0.2659329189443746,2.4993333333333334
EPI_Y_18849,Age: young,Negative,Video repetition: 1,0.5454545454545454,-0.17922182010107213,2.2601666666666667
EPI_Y_18849,Age: young,Negative,Video repetition: 2,0.8571428571428571,0.01000772053845584,2.3618333333333332
EPI_Y_18849,Age: young,Negative,Video repetition: 3,0.6,-0.4636865557837723,2.107333333333333
EPI_Y_18849,Age: young,Positive,Video repetition: 1,0.8571428571428571,-0.7366734340834191,1.9606666666666663
EPI_Y_18849,Age: young,Positive,Video repetition: 2,0.5,-0.12648571861136754,2.2885
EPI_Y_18849,Age: young,Positive,Video repetition: 3,0.5555555555555556,-0.08200126594299346,2.3124
EPI_Y_18851,Age: young,Neutral,Video repetition: 1,0.7777777777777778,0.21635640560580852,3.0491714285714284
EPI_Y_18851,Age: young,Neutral,Video repetition: 2,1,-0.4835623800520577,2.43375
EPI_Y_18851,Age: young,Neutral,Video repetition: 3,0.7777777777777778,-0.35159496314828625,2.549785714285714
EPI_Y_18851,Age: young,Negative,Video repetition: 1,0.5714285714285714,0.24578810467889944,3.07505
EPI_Y_18851,Age: young,Negative,Video repetition: 2,0.8,-0.2655419716271013,2.62545
EPI_Y_18851,Age: young,Negative,Video repetition: 3,0.8333333333333334,0.5611045274009607,3.3523
EPI_Y_18851,Age: young,Positive,Video repetition: 1,0.75,-0.1923946271555392,2.689766666666667
EPI_Y_18851,Age: young,Positive,Video repetition: 2,0.5714285714285714,-0.1904517396695752,2.691475
EPI_Y_18851,Age: young,Positive,Video repetition: 3,0.7777777777777778,0.21440674847703636,3.047457142857142
EPI_Y_18872,Age: young,Neutral,Video repetition: 1,1,-0.48131761215175417,2.5976
EPI_Y_18872,Age: young,Neutral,Video repetition: 2,0.4444444444444444,-0.7880510923462246,2.224075
EPI_Y_18872,Age: young,Neutral,Video repetition: 3,0.6,-0.3831311459663079,2.7171666666666665
EPI_Y_18872,Age: young,Negative,Video repetition: 1,0.25,1.6632094838334135,5.2091
EPI_Y_18872,Age: young,Negative,Video repetition: 2,0.7692307692307693,0.37143472081965584,3.63604
EPI_Y_18872,Age: young,Negative,Video repetition: 3,0.42857142857142855,0.494552392302483,3.785966666666667
EPI_Y_18872,Age: young,Positive,Video repetition: 1,0.8,0.06563328667302872,3.2636499999999997
EPI_Y_18872,Age: young,Positive,Video repetition: 2,0.5,-0.8020728423611384,2.207
EPI_Y_18872,Age: young,Positive,Video repetition: 3,0.8333333333333334,-0.304631244174665,2.81276
EPI_Y_19038,Age: young,Neutral,Video repetition: 1,0.8,-0.07543870244648204,2.10625
EPI_Y_19038,Age: young,Neutral,Video repetition: 2,0.7272727272727273,-0.14326940898037438,2.06425
EPI_Y_19038,Age: young,Neutral,Video repetition: 3,0.7142857142857143,-0.28094959307595335,1.979
EPI_Y_19038,Age: young,Negative,Video repetition: 1,0.625,-0.04451113030067152,2.1254
EPI_Y_19038,Age: young,Negative,Video repetition: 2,0.3333333333333333,0.17933020126117327,2.264
EPI_Y_19038,Age: young,Negative,Video repetition: 3,0.8,-0.1347905706636379,2.0695
EPI_Y_19038,Age: young,Positive,Video repetition: 1,0.5,-0.23314509513778164,2.0086
EPI_Y_19038,Age: young,Positive,Video repetition: 2,0.8571428571428571,-0.14905655259338507,2.060666666666666
EPI_Y_19038,Age: young,Positive,Video repetition: 3,1,0.04016958507854496,2.1778333333333335
EPI_O_M001,Age: old,Neutral,Video repetition: 1,0.5,0.3875410770035722,3.6975
EPI_O_M001,Age: old,Neutral,Video repetition: 2,0.6,-0.2831975610217998,3.0210666666666666
EPI_O_M001,Age: old,Neutral,Video repetition: 3,0.9,-0.4930932852127583,2.809388888888889
EPI_O_M001,Age: old,Negative,Video repetition: 1,0.75,1.2083720697952778,4.5253
EPI_O_M001,Age: old,Negative,Video repetition: 2,0.75,-0.1238063772587116,3.181811111111111
EPI_O_M001,Age: old,Negative,Video repetition: 3,0.5,1.13806895625465,4.4544
EPI_O_M001,Age: old,Positive,Video repetition: 1,0.5714285714285714,0.11770701815669732,3.425375
EPI_O_M001,Age: old,Positive,Video repetition: 2,0.8571428571428571,-0.7705432392539536,2.5295833333333335
EPI_O_M001,Age: old,Positive,Video repetition: 3,0.7,-0.47721696698488736,2.8254
EPI_PLF_003,Age: old,Neutral,Video repetition: 1,0.6666666666666666,-0.13991046343391775,3.469666666666667
EPI_PLF_003,Age: old,Neutral,Video repetition: 2,0.5714285714285714,-0.44617200278659663,3.2112499999999997
EPI_PLF_003,Age: old,Neutral,Video repetition: 3,0.875,-0.17117574980262543,3.443285714285714
EPI_PLF_003,Age: old,Negative,Video repetition: 1,0.42857142857142855,-0.17744009418335904,3.438
EPI_PLF_003,Age: old,Negative,Video repetition: 2,0.5,-0.1821806791201309,3.4339999999999997
EPI_PLF_003,Age: old,Negative,Video repetition: 3,0.7272727272727273,0.22906506414480127,3.781
EPI_PLF_003,Age: old,Positive,Video repetition: 1,0.7142857142857143,-0.03214116587131116,3.5606
EPI_PLF_003,Age: old,Positive,Video repetition: 2,0.7272727272727273,-0.00144587840571538,3.5865
EPI_PLF_003,Age: old,Positive,Video repetition: 3,1,0.06504082533250574,3.6426
EPI_PLF_004,Age: old,Neutral,Video repetition: 1,0.5555555555555556,-0.12185508870942464,2.7492
EPI_PLF_004,Age: old,Neutral,Video repetition: 2,0.875,-0.14087156637543263,2.734857142857143
EPI_PLF_004,Age: old,Neutral,Video repetition: 3,0.7142857142857143,-0.4793042585429923,2.4796
EPI_PLF_004,Age: old,Negative,Video repetition: 1,0.875,-0.09977021524471824,2.765857142857143
EPI_PLF_004,Age: old,Negative,Video repetition: 2,0.75,1.0514779985694311,3.634166666666667
EPI_PLF_004,Age: old,Negative,Video repetition: 3,0.7142857142857143,0.2727178821454332,3.0467999999999997
EPI_PLF_004,Age: old,Positive,Video repetition: 1,1,-0.00898105560421552,2.834333333333334
EPI_PLF_004,Age: old,Positive,Video repetition: 2,0.625,-0.30270103368456774,2.6128
EPI_PLF_004,Age: old,Positive,Video repetition: 3,0.9,-0.44710083432373,2.503888888888889
EPI_PLF_006,Age: old,Neutral,Video repetition: 1,0.5714285714285714,-0.07513942395693113,3.11
EPI_PLF_006,Age: old,Neutral,Video repetition: 2,0.5,0.0718225733238577,3.259333333333333
EPI_PLF_006,Age: old,Neutral,Video repetition: 3,1,-0.32943616568029604,2.8516
EPI_PLF_006,Age: old,Negative,Video repetition: 1,0.6666666666666666,0.0495978516368632,3.23675
EPI_PLF_006,Age: old,Negative,Video repetition: 2,0.4444444444444444,0.4695712824822425,3.6635
EPI_PLF_006,Age: old,Negative,Video repetition: 3,0.875,0.18523074724589497,3.374571428571429
EPI_PLF_006,Age: old,Positive,Video repetition: 1,0.7777777777777778,-0.21207276453552315,2.970857142857143
EPI_PLF_006,Age: old,Positive,Video repetition: 2,0.8888888888888888,-0.07895289096226411,3.106125
EPI_PLF_006,Age: old,Positive,Video repetition: 3,0.8333333333333334,-0.6061708552027814,2.5704
EPI_PLF_008,Age: old,Neutral,Video repetition: 1,0.5714285714285714,0.41665311889914314,3.2647500000000003
EPI_PLF_008,Age: old,Neutral,Video repetition: 2,0.4444444444444444,-0.4078947625570166,2.698775
EPI_PLF_008,Age: old,Neutral,Video repetition: 3,0.75,-0.02535903222731789,2.9613500000000004
EPI_PLF_008,Age: old,Negative,Video repetition: 1,0.7777777777777778,-0.3803860724378246,2.717657142857143
EPI_PLF_008,Age: old,Negative,Video repetition: 2,0.7142857142857143,0.7338558402727894,3.48248
EPI_PLF_008,Age: old,Negative,Video repetition: 3,0.875,0.5742960720353789,3.372957142857143
EPI_PLF_008,Age: old,Positive,Video repetition: 1,0.75,-0.13989272355139612,2.882733333333334
EPI_PLF_008,Age: old,Positive,Video repetition: 2,0.875,-0.3327882859406865,2.7503285714285717
EPI_PLF_008,Age: old,Positive,Video repetition: 3,0.875,-0.24866486966546517,2.808071428571429
EPI_PLF_009,Age: old,Neutral,Video repetition: 1,0.8571428571428571,0.09747223389515146,2.9629333333333334
EPI_PLF_009,Age: old,Neutral,Video repetition: 2,0.6666666666666666,0.8193203840328374,3.586075
EPI_PLF_009,Age: old,Neutral,Video repetition: 3,0.8181818181818182,-0.878789813522162,2.1201666666666665
EPI_PLF_009,Age: old,Negative,Video repetition: 1,0.4,0.15158888379648286,3.0096499999999997
EPI_PLF_009,Age: old,Negative,Video repetition: 2,0.5555555555555556,0.5147361241297348,3.32314
EPI_PLF_009,Age: old,Negative,Video repetition: 3,0.5,-0.27017346502782946,2.64556
EPI_PLF_009,Age: old,Positive,Video repetition: 1,0.75,0.07440717583279308,2.9430222222222224
EPI_PLF_009,Age: old,Positive,Video repetition: 2,0.7777777777777778,0.2756122972878021,3.1167142857142855
EPI_PLF_009,Age: old,Positive,Video repetition: 3,0.3333333333333333,-0.07794834441505115,2.8115
EPI_PLF_011,Age: old,Neutral,Video repetition: 1,0.5,-0.9197060507113004,1.9756
EPI_PLF_011,Age: old,Neutral,Video repetition: 2,0.9090909090909092,-0.1330416575063655,2.64279
EPI_PLF_011,Age: old,Neutral,Video repetition: 3,0.4444444444444444,-0.4675323149027713,2.3591
EPI_PLF_011,Age: old,Negative,Video repetition: 1,0.6666666666666666,0.46253855611339,3.1479166666666667
EPI_PLF_011,Age: old,Negative,Video repetition: 2,0.8,0.05137684058440913,2.7992
EPI_PLF_011,Age: old,Negative,Video repetition: 3,1,-0.12387241521482872,2.6505666666666667
EPI_PLF_011,Age: old,Positive,Video repetition: 1,0.5454545454545454,0.9045329787907233,3.522783333333334
EPI_PLF_011,Age: old,Positive,Video repetition: 2,0.5714285714285714,-0.3199126233167796,2.4842999999999997
EPI_PLF_011,Age: old,Positive,Video repetition: 3,0.6666666666666666,-0.8770531565968973,2.011775
EPI_PLF_012,Age: old,Neutral,Video repetition: 1,1,-0.35400870037548127,2.862
EPI_PLF_012,Age: old,Neutral,Video repetition: 2,1,0.29205754257165295,3.682
EPI_PLF_012,Age: old,Neutral,Video repetition: 3,0.8888888888888888,-0.5715636288313073,2.585875
EPI_PLF_012,Age: old,Negative,Video repetition: 1,0.7,0.5663543080877096,4.030142857142857
EPI_PLF_012,Age: old,Negative,Video repetition: 2,0.75,0.21523869051391437,3.5845
EPI_PLF_012,Age: old,Negative,Video repetition: 3,0.8333333333333334,0.04938875863541231,3.374
EPI_PLF_012,Age: old,Positive,Video repetition: 1,0.5714285714285714,0.542014268882602,3.99925
EPI_PLF_012,Age: old,Positive,Video repetition: 2,0.375,0.6116764928426539,4.087666666666667
EPI_PLF_012,Age: old,Positive,Video repetition: 3,0.6666666666666666,-0.7986388423712121,2.2976666666666667
EPI_PLF_013,Age: old,Neutral,Video repetition: 1,0.8571428571428571,0.05479273600482953,2.5863666666666667
EPI_PLF_013,Age: old,Neutral,Video repetition: 2,0.9090909090909092,0.04070846274120979,2.57728
EPI_PLF_013,Age: old,Neutral,Video repetition: 3,0.8,-0.3967461715058217,2.29505
EPI_PLF_013,Age: old,Negative,Video repetition: 1,0.4,0.10583918495734668,2.6193
EPI_PLF_013,Age: old,Negative,Video repetition: 2,0.7142857142857143,-0.33606393031682225,2.3342
EPI_PLF_013,Age: old,Negative,Video repetition: 3,0.8181818181818182,0.3353759837559796,2.7673888888888887
EPI_PLF_013,Age: old,Positive,Video repetition: 1,0.75,-0.2636792390390121,2.3809
EPI_PLF_013,Age: old,Positive,Video repetition: 2,0.6666666666666666,-0.6306401739431141,2.14415
EPI_PLF_013,Age: old,Positive,Video repetition: 3,0.6666666666666666,-0.2844104006201835,2.367525
EPI_PLF_014,Age: old,Neutral,Video repetition: 1,0.75,-0.30966639672154156,2.275
EPI_PLF_014,Age: old,Neutral,Video repetition: 2,1,-0.4544809974424353,2.177142857142857
EPI_PLF_014,Age: old,Neutral,Video repetition: 3,0.5,-0.5020478370952838,2.145
EPI_PLF_014,Age: old,Negative,Video repetition: 1,0.6,-0.49218212220432256,2.151666666666667
EPI_PLF_014,Age: old,Negative,Video repetition: 2,0.75,0.8875381052965927,3.084
EPI_PLF_014,Age: old,Negative,Video repetition: 3,1,-0.03145323679643733,2.463
EPI_PLF_014,Age: old,Positive,Video repetition: 1,0.6666666666666666,-0.02220412908616123,2.46925
EPI_PLF_014,Age: old,Positive,Video repetition: 2,1,-0.29856746746921015,2.2825
EPI_PLF_014,Age: old,Positive,Video repetition: 3,0.7777777777777778,-0.41008528043311027,2.2071428571428573
EPI_PLF_015,Age: old,Neutral,Video repetition: 1,0.5454545454545454,0.6544768907484596,3.339166666666667
EPI_PLF_015,Age: old,Neutral,Video repetition: 2,0.2857142857142857,-0.8855168770750212,2.517
EPI_PLF_015,Age: old,Neutral,Video repetition: 3,1,0.5355355516970213,3.275666666666667
EPI_PLF_015,Age: old,Negative,Video repetition: 1,0.5,-0.5627206970771538,2.689333333333334
EPI_PLF_015,Age: old,Negative,Video repetition: 2,0.4444444444444444,-0.2889370898642625,2.8355
EPI_PLF_015,Age: old,Negative,Video repetition: 3,0.4444444444444444,0.08333993590697229,3.03425
EPI_PLF_015,Age: old,Positive,Video repetition: 1,0.7142857142857143,-0.01527835544827592,2.9816
EPI_PLF_015,Age: old,Positive,Video repetition: 2,0.375,-0.16624956690569223,2.901
EPI_PLF_015,Age: old,Positive,Video repetition: 3,0.4444444444444444,-0.5708374288759395,2.685
EPI_PLF_016,Age: old,Neutral,Video repetition: 1,0.8,-0.16658084072401905,2.73215
EPI_PLF_016,Age: old,Neutral,Video repetition: 2,0.5714285714285714,0.6616474332157614,3.2421249999999997
EPI_PLF_016,Age: old,Neutral,Video repetition: 3,0.9090909090909092,0.00573156648223764,2.83825
EPI_PLF_016,Age: old,Negative,Video repetition: 1,0.5,-0.21684539306175352,2.7012
EPI_PLF_016,Age: old,Negative,Video repetition: 2,0.4166666666666667,-0.05476454255106174,2.801
EPI_PLF_016,Age: old,Negative,Video repetition: 3,0.875,-0.1555488561236991,2.7389428571428573
EPI_PLF_016,Age: old,Positive,Video repetition: 1,0.4666666666666667,-0.15424961082902428,2.7397428571428573
EPI_PLF_016,Age: old,Positive,Video repetition: 2,0.8,-0.5693468820732334,2.48415
EPI_PLF_016,Age: old,Positive,Video repetition: 3,1,-0.06519910632391936,2.794575
EPI_PLF_017,Age: old,Neutral,Video repetition: 1,1,-0.32312769377427897,2.224166666666666
EPI_PLF_017,Age: old,Neutral,Video repetition: 2,0.7,0.2760248608860551,2.5187142857142857
EPI_PLF_017,Age: old,Neutral,Video repetition: 3,0.875,-0.3789698161187432,2.1967142857142856
EPI_PLF_017,Age: old,Negative,Video repetition: 1,0.75,-0.01970107062764633,2.3733333333333335
EPI_PLF_017,Age: old,Negative,Video repetition: 2,0.6666666666666666,0.6312253164578676,2.693333333333334
EPI_PLF_017,Age: old,Negative,Video repetition: 3,0.42857142857142855,-0.2041302136352084,2.2826666666666666
EPI_PLF_017,Age: old,Positive,Video repetition: 1,0.8,-0.38677947980308386,2.192875
EPI_PLF_017,Age: old,Positive,Video repetition: 2,1,0.00860744672737481,2.38725
EPI_PLF_017,Age: old,Positive,Video repetition: 3,0.6666666666666666,-0.0539425107816239,2.3565
EPI_PLF_018,Age: old,Neutral,Video repetition: 1,1,-0.6248571380135262,2.5702833333333333
EPI_PLF_018,Age: old,Neutral,Video repetition: 2,0.875,-0.33233555548321647,2.781
EPI_PLF_018,Age: old,Neutral,Video repetition: 3,0.8,0.1718841485180018,3.1442125
EPI_PLF_018,Age: old,Negative,Video repetition: 1,0.8,0.16402333955931556,3.13855
EPI_PLF_018,Age: old,Negative,Video repetition: 2,0.6666666666666666,-0.3480918789589059,2.76965
EPI_PLF_018,Age: old,Negative,Video repetition: 3,0.5555555555555556,0.04473339451385409,3.05262
EPI_PLF_018,Age: old,Positive,Video repetition: 1,0.7692307692307693,0.44097369492495714,3.33805
EPI_PLF_018,Age: old,Positive,Video repetition: 2,1,-0.5327393314259935,2.63664
EPI_PLF_018,Age: old,Positive,Video repetition: 3,0.8,-0.2653191223740618,2.829275
EPI_PLF_019,Age: old,Neutral,Video repetition: 1,0.5555555555555556,0.6229224773079413,3.25118
EPI_PLF_019,Age: old,Neutral,Video repetition: 2,0.7,-0.10182126189616222,2.6372285714285715
EPI_PLF_019,Age: old,Neutral,Video repetition: 3,0.8,-0.40664918755462215,2.379
EPI_PLF_019,Age: old,Negative,Video repetition: 1,0.875,0.03777630219991729,2.7554857142857143
EPI_PLF_019,Age: old,Negative,Video repetition: 2,0.42857142857142855,0.14277521094400478,2.844433333333334
EPI_PLF_019,Age: old,Negative,Video repetition: 3,0.6666666666666666,0.20099145369833543,2.89375
EPI_PLF_019,Age: old,Positive,Video repetition: 1,1,-0.5617613395908314,2.2476
EPI_PLF_019,Age: old,Positive,Video repetition: 2,0.8571428571428571,-0.4206769608171561,2.3671166666666665
EPI_PLF_019,Age: old,Positive,Video repetition: 3,0.6,0.6304026447615393,3.2575166666666666
EPI_PLF_020,Age: old,Neutral,Video repetition: 1,0.6,-0.46600771721237294,2.1295
EPI_PLF_020,Age: old,Neutral,Video repetition: 2,0.875,-0.6134864024189004,2.033714285714286
EPI_PLF_020,Age: old,Neutral,Video repetition: 3,1,0.1514011856582045,2.5305
EPI_PLF_020,Age: old,Negative,Video repetition: 1,0.75,-0.3071647783607987,2.232666666666667
EPI_PLF_020,Age: old,Negative,Video repetition: 2,0.8,0.7062608698776169,2.890875
EPI_PLF_020,Age: old,Negative,Video repetition: 3,0.8,0.6281224613472385,2.840125
EPI_PLF_020,Age: old,Positive,Video repetition: 1,0.5,-0.22689648874404209,2.2848
EPI_PLF_020,Age: old,Positive,Video repetition: 2,0.8333333333333334,0.12199342993544152,2.5114
EPI_PLF_020,Age: old,Positive,Video repetition: 3,0.75,-0.5078355024026905,2.102333333333333
EPI_PLF_021,Age: old,Neutral,Video repetition: 1,0.5555555555555556,-0.6416165258596782,2.23972
EPI_PLF_021,Age: old,Neutral,Video repetition: 2,0.6666666666666666,-0.1853160010535808,2.5700833333333333
EPI_PLF_021,Age: old,Neutral,Video repetition: 3,0.8333333333333334,-0.2735245568331772,2.50622
EPI_PLF_021,Age: old,Negative,Video repetition: 1,0.5555555555555556,0.770199185435362,3.26188
EPI_PLF_021,Age: old,Negative,Video repetition: 2,1,-0.00663370814653262,2.69945
EPI_PLF_021,Age: old,Negative,Video repetition: 3,0.8,0.3311234771285818,2.9439875
EPI_PLF_021,Age: old,Positive,Video repetition: 1,0.6666666666666666,-0.05808371132190658,2.6622
EPI_PLF_021,Age: old,Positive,Video repetition: 2,0.7777777777777778,-0.24344184356714657,2.528
EPI_PLF_021,Age: old,Positive,Video repetition: 3,0.875,-0.6358036127492409,2.2439285714285715
EPI_PLF_023,Age: old,Neutral,Video repetition: 1,0.875,-0.5445385555665454,2.0541428571428573
EPI_PLF_023,Age: old,Neutral,Video repetition: 2,0.8888888888888888,0.12778106529306596,2.356
EPI_PLF_023,Age: old,Neutral,Video repetition: 3,0.8571428571428571,-0.41159130130758914,2.1138333333333335
EPI_PLF_023,Age: old,Negative,Video repetition: 1,0.875,1.0629194305114271,2.775857142857143
EPI_PLF_023,Age: old,Negative,Video repetition: 2,0.8571428571428571,0.4986227681382514,2.5225
EPI_PLF_023,Age: old,Negative,Video repetition: 3,0.6666666666666666,0.1868039188990565,2.3825
EPI_PLF_023,Age: old,Positive,Video repetition: 1,0.875,-0.24417427629940233,2.189
EPI_PLF_023,Age: old,Positive,Video repetition: 2,0.875,-0.12612856908742137,2.242
EPI_PLF_023,Age: old,Positive,Video repetition: 3,1,-0.46272588045365953,2.090875
EPI_PLF_024,Age: old,Neutral,Video repetition: 1,0.7777777777777778,-0.4805559138330658,3.012857142857143
EPI_PLF_024,Age: old,Neutral,Video repetition: 2,0.75,-0.2841230199114792,3.136
EPI_PLF_024,Age: old,Neutral,Video repetition: 3,0.8181818181818182,0.2555736975335606,3.4743333333333335
EPI_PLF_024,Age: old,Negative,Video repetition: 1,0.6666666666666666,0.7200319070786269,3.7655
EPI_PLF_024,Age: old,Negative,Video repetition: 2,0.6,0.7389079991666061,3.7773333333333334
EPI_PLF_024,Age: old,Negative,Video repetition: 3,0.875,-0.49878634482346823,3.0014285714285713
EPI_PLF_024,Age: old,Positive,Video repetition: 1,0.6666666666666666,0.06681277665376838,3.356
EPI_PLF_024,Age: old,Positive,Video repetition: 2,0.6,-0.00789401034231857,3.3091666666666666
EPI_PLF_024,Age: old,Positive,Video repetition: 3,0.8,-0.5648716571636773,2.96
EPI_PLF_025,Age: old,Neutral,Video repetition: 1,0.6666666666666666,-0.1869805179651544,3.393625
EPI_PLF_025,Age: old,Neutral,Video repetition: 2,0.6666666666666666,0.2638060301425011,3.8901833333333338
EPI_PLF_025,Age: old,Neutral,Video repetition: 3,0.8888888888888888,-0.3126117263017006,3.2552375
EPI_PLF_025,Age: old,Negative,Video repetition: 1,0.9,0.8041366037185458,4.485377777777778
EPI_PLF_025,Age: old,Negative,Video repetition: 2,0.3333333333333333,0.6697537397344726,4.337350000000001
EPI_PLF_025,Age: old,Negative,Video repetition: 3,0.875,0.19360761810683505,3.8128571428571423
EPI_PLF_025,Age: old,Positive,Video repetition: 1,0.75,-0.29595697634518314,3.2735833333333333
EPI_PLF_025,Age: old,Positive,Video repetition: 2,0.7777777777777778,-0.5245703164251257,3.021757142857143
EPI_PLF_025,Age: old,Positive,Video repetition: 3,1,-0.4026109236024997,3.1561
EPI_PLF_026,Age: old,Neutral,Video repetition: 1,0.6428571428571429,0.47252561248375463,3.9937
EPI_PLF_026,Age: old,Neutral,Video repetition: 2,0.8,-0.4946677932468679,3.1632249999999997
EPI_PLF_026,Age: old,Neutral,Video repetition: 3,0.8,-1.0426246822516636,2.6927250000000003
EPI_PLF_026,Age: old,Negative,Video repetition: 1,0.6666666666666666,0.9080960194716264,4.3677
EPI_PLF_026,Age: old,Negative,Video repetition: 2,0.9,0.25955419958398057,3.8108333333333335
EPI_PLF_026,Age: old,Negative,Video repetition: 3,0.75,-0.03290298945729689,3.559716666666666
EPI_PLF_026,Age: old,Positive,Video repetition: 1,0.5,0.3908852768424449,3.9236
EPI_PLF_026,Age: old,Positive,Video repetition: 2,0.7777777777777778,-0.5319483276035551,3.1312142857142855
EPI_PLF_026,Age: old,Positive,Video repetition: 3,0.5454545454545454,-0.155441134703038,3.4545
EPI_PLF_027,Age: old,Neutral,Video repetition: 1,0.6666666666666666,-0.5167556795916562,2.62215
EPI_PLF_027,Age: old,Neutral,Video repetition: 2,1,0.01030807886722389,3.053842857142857
EPI_PLF_027,Age: old,Neutral,Video repetition: 3,0.625,-0.3216399674698782,2.78196
EPI_PLF_027,Age: old,Negative,Video repetition: 1,0.14285714285714285,-0.7072807210571685,2.4661
EPI_PLF_027,Age: old,Negative,Video repetition: 2,0.8888888888888888,0.25219691687100193,3.2519625
EPI_PLF_027,Age: old,Negative,Video repetition: 3,0.5,-0.03534572220715502,3.01645
EPI_PLF_027,Age: old,Positive,Video repetition: 1,0.5,1.011412652034798,3.8738
EPI_PLF_027,Age: old,Positive,Video repetition: 2,0.5,-0.4408447891519369,2.684325
EPI_PLF_027,Age: old,Positive,Video repetition: 3,0.875,0.16934202660215666,3.1841
EPI_PLF_028,Age: old,Neutral,Video repetition: 1,0.7142857142857143,-0.12201604573223528,2.3836
EPI_PLF_028,Age: old,Neutral,Video repetition: 2,0.7142857142857143,0.1680631415249528,2.6232
EPI_PLF_028,Age: old,Neutral,Video repetition: 3,0.8,-0.49896160062591416,2.07225
EPI_PLF_028,Age: old,Negative,Video repetition: 1,0.5,0.6608708759700213,3.03025
EPI_PLF_028,Age: old,Negative,Video repetition: 2,0.6,-0.2276681481584063,2.2963333333333336
EPI_PLF_028,Age: old,Negative,Video repetition: 3,0.4,-0.7898277305864292,1.832
EPI_PLF_028,Age: old,Positive,Video repetition: 1,0.7142857142857143,0.10389704417674342,2.5702
EPI_PLF_028,Age: old,Positive,Video repetition: 2,0.2857142857142857,-0.22988773014214947,2.2945
EPI_PLF_028,Age: old,Positive,Video repetition: 3,0.875,-0.6310555543986768,1.963142857142857
EPI_PLF_031,Age: old,Neutral,Video repetition: 1,0.8461538461538461,0.01119051863567454,2.368463636363636
EPI_PLF_031,Age: old,Neutral,Video repetition: 2,1,-0.244117822305034,2.2174
EPI_PLF_031,Age: old,Neutral,Video repetition: 3,0.7777777777777778,-0.14626268458755362,2.2753
EPI_PLF_031,Age: old,Negative,Video repetition: 1,0.3333333333333333,0.5208930254983775,2.67005
EPI_PLF_031,Age: old,Negative,Video repetition: 2,0.5,-0.14198117021419243,2.277833333333333
EPI_PLF_031,Age: old,Negative,Video repetition: 3,1,0.5070907752158312,2.6618833333333334
EPI_PLF_031,Age: old,Positive,Video repetition: 1,0.6,0.46695157796556935,2.638133333333333
EPI_PLF_031,Age: old,Positive,Video repetition: 2,0.7,-0.4713600024671179,2.082942857142857
EPI_PLF_031,Age: old,Positive,Video repetition: 3,0.8888888888888888,0.00690004176212975,2.365925
EPI_PLF_032,Age: old,Neutral,Video repetition: 1,0.6666666666666666,0.22572170085742163,3.3306666666666667
EPI_PLF_032,Age: old,Neutral,Video repetition: 2,0.7,0.2524560236985049,3.355714285714286
EPI_PLF_032,Age: old,Neutral,Video repetition: 3,0.8,-0.7713516419846933,2.3965
EPI_PLF_032,Age: old,Negative,Video repetition: 1,0.5,0.08945797550201377,3.203
EPI_PLF_032,Age: old,Negative,Video repetition: 2,0.2,-0.8796866403416689,2.295
EPI_PLF_032,Age: old,Negative,Video repetition: 3,0.6363636363636364,-0.4599171111696016,2.688285714285714
EPI_PLF_032,Age: old,Positive,Video repetition: 1,0.5,0.9355027245755372,3.9956666666666663
EPI_PLF_032,Age: old,Positive,Video repetition: 2,0.5555555555555556,-0.42179782955208733,2.724
EPI_PLF_032,Age: old,Positive,Video repetition: 3,0.625,0.0770768328326454,3.1914
EPI_PLF_033,Age: old,Neutral,Video repetition: 1,0.5714285714285714,-0.389123312810616,2.298525
EPI_PLF_033,Age: old,Neutral,Video repetition: 2,0.625,-0.03729560779675344,2.50522
EPI_PLF_033,Age: old,Neutral,Video repetition: 3,1,0.16286549625434904,2.6228125
EPI_PLF_033,Age: old,Negative,Video repetition: 1,0.7777777777777778,0.03542547776509618,2.547942857142857
EPI_PLF_033,Age: old,Negative,Video repetition: 2,0.75,-0.25551803476302687,2.3770166666666666
EPI_PLF_033,Age: old,Negative,Video repetition: 3,0.5714285714285714,0.3611457148750333,2.7393
EPI_PLF_033,Age: old,Positive,Video repetition: 1,0.625,-0.22793738897942648,2.39322
EPI_PLF_033,Age: old,Positive,Video repetition: 2,0.75,-0.15412611125902784,2.4365833333333335
EPI_PLF_033,Age: old,Positive,Video repetition: 3,0.75,-0.07877721679159039,2.4808500000000002
EPI_PLF_034,Age: old,Neutral,Video repetition: 1,0.5555555555555556,-0.27386244703530443,2.78866
EPI_PLF_034,Age: old,Neutral,Video repetition: 2,0.7,0.04868086980811732,3.0288857142857144
EPI_PLF_034,Age: old,Neutral,Video repetition: 3,0.75,-0.3234874466985557,2.7517
EPI_PLF_034,Age: old,Negative,Video repetition: 1,0.75,0.7493935885895568,3.550766666666666
EPI_PLF_034,Age: old,Negative,Video repetition: 2,0.6,-0.01923893685838408,2.9783
EPI_PLF_034,Age: old,Negative,Video repetition: 3,0.5454545454545454,0.2693898716087039,3.1932666666666667
EPI_PLF_034,Age: old,Positive,Video repetition: 1,0.3333333333333333,-0.6526424431121394,2.50655
EPI_PLF_034,Age: old,Positive,Video repetition: 2,0.5555555555555556,-0.08395552191706146,2.9301
EPI_PLF_034,Age: old,Positive,Video repetition: 3,0.7777777777777778,-0.6912441406315784,2.4778
EPI_PLF_035,Age: old,Neutral,Video repetition: 1,0.75,0.7838661044146309,4.0456666666666665
EPI_PLF_035,Age: old,Neutral,Video repetition: 2,0.9230769230769232,-0.2427155455935884,3.4090166666666666
EPI_PLF_035,Age: old,Neutral,Video repetition: 3,0.8571428571428571,-0.18993389265460717,3.44175
EPI_PLF_035,Age: old,Negative,Video repetition: 1,0.5,0.7761799777646567,4.0409
EPI_PLF_035,Age: old,Negative,Video repetition: 2,0.8,-0.21690252235128096,3.425025
EPI_PLF_035,Age: old,Negative,Video repetition: 3,0.6666666666666666,0.13317904690006252,3.6421333333333337
EPI_PLF_035,Age: old,Positive,Video repetition: 1,0.9,0.0956083998487917,3.618833333333334
EPI_PLF_035,Age: old,Positive,Video repetition: 2,0.8333333333333334,0.3997317691556586,3.80744
EPI_PLF_035,Age: old,Positive,Video repetition: 3,0.875,-0.7101295622041605,3.119142857142857
EPI_PLF_037,Age: old,Neutral,Video repetition: 1,0.8333333333333334,-0.332013681936043,2.83976
EPI_PLF_037,Age: old,Neutral,Video repetition: 2,0.75,0.03441797575900657,3.0437
EPI_PLF_037,Age: old,Neutral,Video repetition: 3,0.8,-0.2972867629201507,2.8590875
EPI_PLF_037,Age: old,Negative,Video repetition: 1,0.875,0.628812538392573,3.3745142857142856
EPI_PLF_037,Age: old,Negative,Video repetition: 2,0.8181818181818182,-0.30435153158124045,2.8551555555555557
EPI_PLF_037,Age: old,Negative,Video repetition: 3,0.6,0.2667992042014885,3.173033333333333
EPI_PLF_037,Age: old,Positive,Video repetition: 1,0.7,0.5237276250004316,3.3160285714285713
EPI_PLF_037,Age: old,Positive,Video repetition: 2,0.6,-0.51634949247735,2.7371666666666665
EPI_PLF_037,Age: old,Positive,Video repetition: 3,0.6666666666666666,-0.12468530603415132,2.95515
EPI_PLF_039,Age: old,Neutral,Video repetition: 1,0.625,-0.371763194037773,3.23216
EPI_PLF_039,Age: old,Neutral,Video repetition: 2,0.7777777777777778,-0.01398660026918774,3.5239714285714285
EPI_PLF_039,Age: old,Neutral,Video repetition: 3,0.7142857142857143,-0.4385586205360927,3.17768
EPI_PLF_039,Age: old,Negative,Video repetition: 1,0.875,0.10409992308189028,3.620285714285714
EPI_PLF_039,Age: old,Negative,Video repetition: 2,1,0.8175991781106603,4.202233333333333
EPI_PLF_039,Age: old,Negative,Video repetition: 3,0.7,-0.00745348350710646,3.5293
EPI_PLF_039,Age: old,Positive,Video repetition: 1,0.5,0.38942022349557515,3.853
EPI_PLF_039,Age: old,Positive,Video repetition: 2,0.6666666666666666,-0.567228909808798,3.0727333333333333
EPI_PLF_039,Age: old,Positive,Video repetition: 3,0.8571428571428571,0.06884794898944456,3.5915333333333335
EPI_PLF_040,Age: old,Neutral,Video repetition: 1,0.4545454545454546,0.34991323548495396,3.24896
EPI_PLF_040,Age: old,Neutral,Video repetition: 2,0.8,-0.1996985789625331,2.9071
EPI_PLF_040,Age: old,Neutral,Video repetition: 3,0.875,0.5469450126444473,3.371514285714286
EPI_PLF_040,Age: old,Negative,Video repetition: 1,0.6666666666666666,0.24555676536330664,3.18405
EPI_PLF_040,Age: old,Negative,Video repetition: 2,0.75,-0.2141143805661501,2.8981333333333335
EPI_PLF_040,Age: old,Negative,Video repetition: 3,0.6153846153846154,0.32586189065334326,3.234
EPI_PLF_040,Age: old,Positive,Video repetition: 1,0.7,-0.6948044236292923,2.599142857142857
EPI_PLF_040,Age: old,Positive,Video repetition: 2,0.5454545454545454,-0.01743783080676721,3.020466666666666
EPI_PLF_040,Age: old,Positive,Video repetition: 3,0.3333333333333333,-1.624451372396579,2.0209
EPI_PLF_041,Age: old,Neutral,Video repetition: 1,0.5555555555555556,-0.59151577042976,2.29296
EPI_PLF_041,Age: old,Neutral,Video repetition: 2,0.5,0.361269567198226,2.7836333333333334
EPI_PLF_041,Age: old,Neutral,Video repetition: 3,0.7777777777777778,-0.4545972735111172,2.3634714285714287
EPI_PLF_041,Age: old,Negative,Video repetition: 1,0.3333333333333333,0.4632783505097102,2.8361666666666667
EPI_PLF_041,Age: old,Negative,Video repetition: 2,0.7777777777777778,0.8267354975025037,3.023342857142857
EPI_PLF_041,Age: old,Negative,Video repetition: 3,0.8333333333333334,0.22434737162899188,2.71312
EPI_PLF_041,Age: old,Positive,Video repetition: 1,0.16666666666666666,-0.6992075303749677,2.2375
EPI_PLF_041,Age: old,Positive,Video repetition: 2,0.7777777777777778,-0.4422530271622383,2.3698285714285716
EPI_PLF_041,Age: old,Positive,Video repetition: 3,0.5555555555555556,0.11044187869019152,2.65446
EPI_PLF_042,Age: old,Neutral,Video repetition: 1,0.5454545454545454,-0.12829219179453927,2.8843
EPI_PLF_042,Age: old,Neutral,Video repetition: 2,0.8,-0.5294520773084964,2.5508
EPI_PLF_042,Age: old,Neutral,Video repetition: 3,0.42857142857142855,-0.5472145789859261,2.536033333333333
EPI_PLF_042,Age: old,Negative,Video repetition: 1,0.4,0.8897637875300116,3.73065
EPI_PLF_042,Age: old,Negative,Video repetition: 2,0.8888888888888888,-0.08843181486434797,2.9174375
EPI_PLF_042,Age: old,Negative,Video repetition: 3,0.6666666666666666,-0.01223449178253015,2.9807833333333336
EPI_PLF_042,Age: old,Positive,Video repetition: 1,0.8333333333333334,0.17841769608656677,3.13928
EPI_PLF_042,Age: old,Positive,Video repetition: 2,0.5,-0.13178053862509542,2.8813999999999997
EPI_PLF_042,Age: old,Positive,Video repetition: 3,0.625,-0.510566889294796,2.5665
EPI_PLF_043,Age: old,Neutral,Video repetition: 1,1,0.14657076764900753,3.0692500000000003
EPI_PLF_043,Age: old,Neutral,Video repetition: 2,1,0.10058933226569644,3.0363
EPI_PLF_043,Age: old,Neutral,Video repetition: 3,0.8571428571428571,-0.6643956910992407,2.4881166666666665
EPI_PLF_043,Age: old,Negative,Video repetition: 1,0.5555555555555556,0.03890862076517017,2.9921
EPI_PLF_043,Age: old,Negative,Video repetition: 2,1,0.5246442238318155,3.340175
EPI_PLF_043,Age: old,Negative,Video repetition: 3,0.8571428571428571,0.08370388861962483,3.0242
EPI_PLF_043,Age: old,Positive,Video repetition: 1,0.6666666666666666,0.8400601246668035,3.5662
EPI_PLF_043,Age: old,Positive,Video repetition: 2,0.7272727272727273,-0.3576899812359522,2.7079
EPI_PLF_043,Age: old,Positive,Video repetition: 3,0.8,-0.24849279402065355,2.78615
EPI_PLF_044,Age: old,Neutral,Video repetition: 1,0.5714285714285714,-0.38033848332421416,3.020975
EPI_PLF_044,Age: old,Neutral,Video repetition: 2,0.4,-0.02547573359690571,3.31645
EPI_PLF_044,Age: old,Neutral,Video repetition: 3,1,-0.35608275888888685,3.0411714285714284
EPI_PLF_044,Age: old,Negative,Video repetition: 1,1,0.442069975748525,3.70575
EPI_PLF_044,Age: old,Negative,Video repetition: 2,0.5555555555555556,0.14884807763219607,3.4616
EPI_PLF_044,Age: old,Negative,Video repetition: 3,0.7272727272727273,-0.5028245301566495,2.9189875
EPI_PLF_044,Age: old,Positive,Video repetition: 1,0.9166666666666666,0.4769041673200308,3.7347545454545457
EPI_PLF_044,Age: old,Positive,Video repetition: 2,0.8,-0.5382987952216138,2.88945
EPI_PLF_044,Age: old,Positive,Video repetition: 3,0.8333333333333334,-0.03017160753356294,3.31254
EPI_PLF_045,Age: old,Neutral,Video repetition: 1,1,-0.09483131348051002,2.552857142857143
EPI_PLF_045,Age: old,Neutral,Video repetition: 2,0.8571428571428571,-0.6116393158901492,2.2779833333333332
EPI_PLF_045,Age: old,Neutral,Video repetition: 3,0.9,-0.32870588170566256,2.4284666666666666
EPI_PLF_045,Age: old,Negative,Video repetition: 1,0.625,0.6053849537045182,2.92528
EPI_PLF_045,Age: old,Negative,Video repetition: 2,0.7777777777777778,-0.27812050116542403,2.4553714285714285
EPI_PLF_045,Age: old,Negative,Video repetition: 3,0.6666666666666666,0.06985767454558159,2.64045
EPI_PLF_045,Age: old,Positive,Video repetition: 1,0.75,0.3939353770969118,2.8128166666666665
EPI_PLF_045,Age: old,Positive,Video repetition: 2,0.75,-0.7985903479362944,2.17855
EPI_PLF_045,Age: old,Positive,Video repetition: 3,1,0.40824701086568554,2.8204285714285713
EPI_PLF_047,Age: old,Neutral,Video repetition: 1,0.75,0.5449698397044606,3.4009666666666667
EPI_PLF_047,Age: old,Neutral,Video repetition: 2,0.9,-0.27236368797479427,2.7682444444444445
EPI_PLF_047,Age: old,Neutral,Video repetition: 3,0.8,-0.1376891688736538,2.8725
EPI_PLF_047,Age: old,Negative,Video repetition: 1,0.75,-0.2590297192819497,2.778566666666667
EPI_PLF_047,Age: old,Negative,Video repetition: 2,0.875,-0.11975197709678125,2.8863857142857143
EPI_PLF_047,Age: old,Negative,Video repetition: 3,0.75,0.24639802404401845,3.169833333333333
EPI_PLF_047,Age: old,Positive,Video repetition: 1,0.75,-0.23042412229073456,2.800711111111111
EPI_PLF_047,Age: old,Positive,Video repetition: 2,0.5,-0.10470589647736052,2.8980333333333332
EPI_PLF_047,Age: old,Positive,Video repetition: 3,0.8333333333333334,1.04397316496055,3.78726
EPI_PLF_048,Age: old,Neutral,Video repetition: 1,0.875,-0.3211598177507816,2.380842857142857
EPI_PLF_048,Age: old,Neutral,Video repetition: 2,0.7272727272727273,-0.27193487008538,2.4032125
EPI_PLF_048,Age: old,Neutral,Video repetition: 3,0.8,-0.21199808340537857,2.43045
EPI_PLF_048,Age: old,Negative,Video repetition: 1,0.5,1.2014354927675193,3.0727666666666664
EPI_PLF_048,Age: old,Negative,Video repetition: 2,0.8571428571428571,-0.18386804492683456,2.4432333333333336
EPI_PLF_048,Age: old,Negative,Video repetition: 3,0.5,0.12408802690711536,2.58318
EPI_PLF_048,Age: old,Positive,Video repetition: 1,0.3,0.1456971777174912,2.593
EPI_PLF_048,Age: old,Positive,Video repetition: 2,0.6666666666666666,0.01619630957180715,2.53415
EPI_PLF_048,Age: old,Positive,Video repetition: 3,1,-0.10810581938960837,2.4776625
EPI_PLF_049,Age: old,Neutral,Video repetition: 1,0.4615384615384616,-0.1724797290854373,2.9867833333333333
EPI_PLF_049,Age: old,Neutral,Video repetition: 2,0.8333333333333334,-0.07151746071958821,3.0973200000000003
EPI_PLF_049,Age: old,Neutral,Video repetition: 3,0.8,-0.142459887521936,3.01965
EPI_PLF_049,Age: old,Negative,Video repetition: 1,0.16666666666666666,-0.43497066624540487,2.6994
EPI_PLF_049,Age: old,Negative,Video repetition: 2,0.8,0.25504422145684197,3.45485
EPI_PLF_049,Age: old,Negative,Video repetition: 3,0.625,0.9090901022390878,4.17092
EPI_PLF_049,Age: old,Positive,Video repetition: 1,0.6,-0.03984135203534199,3.132
EPI_PLF_049,Age: old,Positive,Video repetition: 2,0.75,-0.5976593309457799,2.5212833333333333
EPI_PLF_049,Age: old,Positive,Video repetition: 3,0.7272727272727273,-0.06038104332821936,3.1095125
EPI_PLF_050,Age: old,Neutral,Video repetition: 1,0.625,-0.7544189941136953,2.5941400000000003
EPI_PLF_050,Age: old,Neutral,Video repetition: 2,0.8333333333333334,-0.5235376977331908,2.75118
EPI_PLF_050,Age: old,Neutral,Video repetition: 3,0.8888888888888888,0.1045457295686075,3.1783875
EPI_PLF_050,Age: old,Negative,Video repetition: 1,0.5,-0.2114936277492366,2.963425
EPI_PLF_050,Age: old,Negative,Video repetition: 2,1,0.21827411175862124,3.2557428571428573
EPI_PLF_050,Age: old,Negative,Video repetition: 3,1,0.03322639975629947,3.1298777777777778
EPI_PLF_050,Age: old,Positive,Video repetition: 1,0.75,0.28797242174685944,3.30315
EPI_PLF_050,Age: old,Positive,Video repetition: 2,0.9,-0.07666340048933197,3.055133333333333
EPI_PLF_050,Age: old,Positive,Video repetition: 3,0.8333333333333334,0.2003921948913662,3.24358
EPI_PLF_052,Age: old,Neutral,Video repetition: 1,0.6,-0.2520264873393573,2.9586333333333332
EPI_PLF_052,Age: old,Neutral,Video repetition: 2,0.5,-0.4512554130566741,2.8285571428571425
EPI_PLF_052,Age: old,Neutral,Video repetition: 3,0.8,0.2839938464482674,3.3086
EPI_PLF_052,Age: old,Negative,Video repetition: 1,0.7142857142857143,0.00643139796081151,3.12738
EPI_PLF_052,Age: old,Negative,Video repetition: 2,0.5,0.3104400349330743,3.3258666666666663
EPI_PLF_052,Age: old,Negative,Video repetition: 3,0.4,0.6570612418258862,3.552175
EPI_PLF_052,Age: old,Positive,Video repetition: 1,0.6363636363636364,-0.2785091432655387,2.9413428571428573
EPI_PLF_052,Age: old,Positive,Video repetition: 2,0.75,-0.7859025355741597,2.6100666666666665
EPI_PLF_052,Age: old,Positive,Video repetition: 3,0.5555555555555556,0.09802302371707387,3.18718
EPI_PLF_054,Age: old,Neutral,Video repetition: 1,0.3333333333333333,-0.7400020830447757,2.0875
EPI_PLF_054,Age: old,Neutral,Video repetition: 2,0.6666666666666666,-0.3209530418454457,2.30984
EPI_PLF_054,Age: old,Neutral,Video repetition: 3,0.6666666666666666,-0.44179197895300615,2.245725
EPI_PLF_054,Age: old,Negative,Video repetition: 1,0.6153846153846154,0.11410671089921276,2.540675
EPI_PLF_054,Age: old,Negative,Video repetition: 2,0.6,0.2913805005913074,2.6347333333333336
EPI_PLF_054,Age: old,Negative,Video repetition: 3,0.8333333333333334,0.6684881997162355,2.83482
EPI_PLF_054,Age: old,Positive,Video repetition: 1,0.75,0.5801198777242449,2.787933333333333
EPI_PLF_054,Age: old,Positive,Video repetition: 2,0.75,0.5211909099804033,2.756666666666667
EPI_PLF_054,Age: old,Positive,Video repetition: 3,0.8333333333333334,-0.4457027766524243,2.24365
EPI_PLF_055,Age: old,Neutral,Video repetition: 1,0.8571428571428571,-0.5060566876477804,2.45035
EPI_PLF_055,Age: old,Neutral,Video repetition: 2,0.7777777777777778,-0.3610276007298328,2.541057142857143
EPI_PLF_055,Age: old,Neutral,Video repetition: 3,0.75,-0.5443230178496129,2.4264166666666664
EPI_PLF_055,Age: old,Negative,Video repetition: 1,0.6666666666666666,0.7173733164582979,3.215533333333333
EPI_PLF_055,Age: old,Negative,Video repetition: 2,0.6666666666666666,0.26955599122027984,2.93545
EPI_PLF_055,Age: old,Negative,Video repetition: 3,0.8571428571428571,0.15411745192060153,2.86325
EPI_PLF_055,Age: old,Positive,Video repetition: 1,0.75,-0.06194341526356101,2.7281166666666667
EPI_PLF_055,Age: old,Positive,Video repetition: 2,0.875,-0.02051360312801156,2.7540285714285715
EPI_PLF_055,Age: old,Positive,Video repetition: 3,1,-0.3274027571076446,2.5620875
EPI_PLF_056,Age: old,Neutral,Video repetition: 1,0.7777777777777778,-0.47917519377038426,2.8160857142857143
EPI_PLF_056,Age: old,Neutral,Video repetition: 2,0.5555555555555556,0.6793562639233338,3.81084
EPI_PLF_056,Age: old,Neutral,Video repetition: 3,0.6666666666666666,-0.1968787346942917,3.058475
EPI_PLF_056,Age: old,Negative,Video repetition: 1,0.4444444444444444,0.23063179824858163,3.42555
EPI_PLF_056,Age: old,Negative,Video repetition: 2,0.5,0.188646496300504,3.3895
EPI_PLF_056,Age: old,Negative,Video repetition: 3,0.7142857142857143,0.23099283690611017,3.42586
EPI_PLF_056,Age: old,Positive,Video repetition: 1,1,-0.05305529743849833,3.181966666666667
EPI_PLF_056,Age: old,Positive,Video repetition: 2,0.7142857142857143,0.11422594721639412,3.3256
EPI_PLF_056,Age: old,Positive,Video repetition: 3,0.5454545454545454,-0.3899858897707826,2.892666666666667
EPI_PLF_060,Age: old,Neutral,Video repetition: 1,0.5454545454545454,-0.2393289096868278,2.4323333333333332
EPI_PLF_060,Age: old,Neutral,Video repetition: 2,0.875,-0.6266361885080943,2.2480285714285713
EPI_PLF_060,Age: old,Neutral,Video repetition: 3,0.8,-0.28951854530402643,2.40845
EPI_PLF_060,Age: old,Negative,Video repetition: 1,1,0.6939601484370364,2.87645
EPI_PLF_060,Age: old,Negative,Video repetition: 2,0.7,0.03469018952676124,2.5627285714285715
EPI_PLF_060,Age: old,Negative,Video repetition: 3,0.5,0.407133210597896,2.73996
EPI_PLF_060,Age: old,Positive,Video repetition: 1,0.4444444444444444,0.6808786209401597,2.870225
EPI_PLF_060,Age: old,Positive,Video repetition: 2,0.6666666666666666,0.02407036083595221,2.5576749999999997
EPI_PLF_060,Age: old,Positive,Video repetition: 3,0.7777777777777778,-0.12766184880509668,2.485471428571429
EPI_PLF_061,Age: old,Neutral,Video repetition: 1,0.8,-0.02721651534902299,2.6274875
EPI_PLF_061,Age: old,Neutral,Video repetition: 2,0.7777777777777778,0.27808350294016415,2.8236714285714286
EPI_PLF_061,Age: old,Neutral,Video repetition: 3,0.8,-0.6167996122996695,2.248625
EPI_PLF_061,Age: old,Negative,Video repetition: 1,0.25,1.3813130457417206,3.5326
EPI_PLF_061,Age: old,Negative,Video repetition: 2,0.75,-0.01443628193001971,2.6357
EPI_PLF_061,Age: old,Negative,Video repetition: 3,0.9166666666666666,0.37394700081734544,2.885272727272727
EPI_PLF_061,Age: old,Positive,Video repetition: 1,0.9,-0.14923716098911077,2.5490777777777778
EPI_PLF_061,Age: old,Positive,Video repetition: 2,1,-0.0675246879392915,2.601585714285714
EPI_PLF_061,Age: old,Positive,Video repetition: 3,1,-0.4077084353236627,2.3829857142857143
EPI_PLF_063,Age: old,Neutral,Video repetition: 1,0.7272727272727273,-0.08385974393807893,2.91695
EPI_PLF_063,Age: old,Neutral,Video repetition: 2,1,-0.4058885939536256,2.6281333333333334
EPI_PLF_063,Age: old,Neutral,Video repetition: 3,0.8571428571428571,-0.02876045717622897,2.9663666666666666
EPI_PLF_063,Age: old,Negative,Video repetition: 1,1,0.2871173426139645,3.2496666666666667
EPI_PLF_063,Age: old,Negative,Video repetition: 2,0.9090909090909092,0.19242461896348145,3.16474
EPI_PLF_063,Age: old,Negative,Video repetition: 3,0.9,-0.02527919813630112,2.969488888888889
EPI_PLF_063,Age: old,Positive,Video repetition: 1,0.9,0.3130595363136414,3.2729333333333335
EPI_PLF_063,Age: old,Positive,Video repetition: 2,0.8571428571428571,0.0659954494675053,3.05135
EPI_PLF_063,Age: old,Positive,Video repetition: 3,1,-0.356117385656292,2.672771428571429
EPI_PLF_064,Age: old,Neutral,Video repetition: 1,0.7,0.06444130484420034,3.0191857142857144
EPI_PLF_064,Age: old,Neutral,Video repetition: 2,0.75,-0.10146004921793264,2.8826166666666664
EPI_PLF_064,Age: old,Neutral,Video repetition: 3,0.6666666666666666,-0.4038086797067491,2.633725
EPI_PLF_064,Age: old,Negative,Video repetition: 1,0.5,0.00853828402248272,2.9731666666666667
EPI_PLF_064,Age: old,Negative,Video repetition: 2,0.75,-0.44538452680949026,2.5995
EPI_PLF_064,Age: old,Negative,Video repetition: 3,0.5555555555555556,0.602071716369752,3.46176
EPI_PLF_064,Age: old,Positive,Video repetition: 1,0.7142857142857143,0.01346219247896518,2.97722
EPI_PLF_064,Age: old,Positive,Video repetition: 2,1,-0.06010185020691504,2.9166625
EPI_PLF_064,Age: old,Positive,Video repetition: 3,0.5555555555555556,-0.16805024211830533,2.8278
EPI_PLF_065,Age: old,Neutral,Video repetition: 1,0.8888888888888888,0.02017106941899657,2.2977625
EPI_PLF_065,Age: old,Neutral,Video repetition: 2,0.6,-0.6777682797697823,1.8612
EPI_PLF_065,Age: old,Neutral,Video repetition: 3,0.8888888888888888,-0.36160225418594066,2.0589625
EPI_PLF_065,Age: old,Negative,Video repetition: 1,0.6666666666666666,0.8287015813396494,2.8035
EPI_PLF_065,Age: old,Negative,Video repetition: 2,0.7692307692307693,0.22155729697848112,2.42373
EPI_PLF_065,Age: old,Negative,Video repetition: 3,0.75,0.300619120387231,2.473183333333333
EPI_PLF_065,Age: old,Positive,Video repetition: 1,0.6666666666666666,-0.1926779501431991,2.164625
EPI_PLF_065,Age: old,Positive,Video repetition: 2,0.8,-0.17980828827125703,2.172675
EPI_PLF_065,Age: old,Positive,Video repetition: 3,0.7142857142857143,-0.28672240475400484,2.1058
EPI_PLF_066,Age: old,Neutral,Video repetition: 1,0.8571428571428571,-0.22599203170854176,3.6003333333333334
EPI_PLF_066,Age: old,Neutral,Video repetition: 2,0.7272727272727273,0.05499540133332874,3.84825
EPI_PLF_066,Age: old,Neutral,Video repetition: 3,0.6666666666666666,0.17570193559467678,3.95475
EPI_PLF_066,Age: old,Negative,Video repetition: 1,0.6666666666666666,0.523559655222646,4.261666666666667
EPI_PLF_066,Age: old,Negative,Video repetition: 2,1,-0.5370818879492796,3.325857142857142
EPI_PLF_066,Age: old,Negative,Video repetition: 3,0.875,0.03884452703075405,3.834
EPI_PLF_066,Age: old,Positive,Video repetition: 1,0.375,0.28630236722225016,4.052333333333333
EPI_PLF_066,Age: old,Positive,Video repetition: 2,0.8333333333333334,0.413771489788068,4.1648
EPI_PLF_066,Age: old,Positive,Video repetition: 3,0.9,-0.2631421909230411,3.5675555555555554
EPI_PLF_067,Age: old,Neutral,Video repetition: 1,1,-0.5581563592755125,2.07705
EPI_PLF_067,Age: old,Neutral,Video repetition: 2,1,-0.09621084886831507,2.564227272727273
EPI_PLF_067,Age: old,Neutral,Video repetition: 3,0.7142857142857143,-0.6953146829927356,1.9324
EPI_PLF_067,Age: old,Negative,Video repetition: 1,0.6666666666666666,0.2504282280031733,2.9297999999999997
EPI_PLF_067,Age: old,Negative,Video repetition: 2,0.7142857142857143,0.16581012355433164,2.84056
EPI_PLF_067,Age: old,Negative,Video repetition: 3,0.75,0.08588248926095358,2.756266666666667
EPI_PLF_067,Age: old,Positive,Video repetition: 1,0.8888888888888888,-0.2451646677441689,2.4071375
EPI_PLF_067,Age: old,Positive,Video repetition: 2,1,0.44234557829951593,3.1322
EPI_PLF_067,Age: old,Positive,Video repetition: 3,0.6666666666666666,-0.07585023166565782,2.5857
EPI_PLF_068,Age: old,Neutral,Video repetition: 1,0.6666666666666666,0.34734462865771853,2.828225
EPI_PLF_068,Age: old,Neutral,Video repetition: 2,0.8,0.07956260278260235,2.703725
EPI_PLF_068,Age: old,Neutral,Video repetition: 3,0.75,0.3066037622042955,2.809283333333333
EPI_PLF_068,Age: old,Negative,Video repetition: 1,0.6666666666666666,0.15235127795521605,2.737566666666667
EPI_PLF_068,Age: old,Negative,Video repetition: 2,0.75,0.21866945036069996,2.7684
EPI_PLF_068,Age: old,Negative,Video repetition: 3,0.8571428571428571,0.00921156854165018,2.6710166666666666
EPI_PLF_068,Age: old,Positive,Video repetition: 1,0.6666666666666666,-0.43547866318268896,2.4642666666666666
EPI_PLF_068,Age: old,Positive,Video repetition: 2,1,-0.5216922873098181,2.424183333333333
EPI_PLF_068,Age: old,Positive,Video repetition: 3,0.8888888888888888,-0.05048374853847543,2.6432625
